date,state,crop,price
01-06-2023,Uttar Pradesh,Wheat,2256.9
01-07-2022,Haryana,Cotton,6484.05
01-01-2023,Maharashtra,Rice,1925.6
01-01-2021,Bihar,Mustard,4947.97
01-07-2022,Rajasthan,Rice,1915.78
01-06-2021,Karnataka,Rice,1891.92
01-05-2026,Madhya Pradesh,Mustard,5925.79
01-08-2020,Gujarat,Sugarcane,293.17
01-04-2025,Bihar,Barley,1923.95
01-03-2020,Haryana,Rice,1866.5
01-06-2025,Maharashtra,Barley,1902.39
01-04-2023,Madhya Pradesh,Rice,2055.67
01-03-2026,Haryana,Pulses,6078.95
01-05-2024,Tamil Nadu,Groundnut,6420.94
01-01-2028,Uttar Pradesh,Cotton,7423.7
01-04-2024,Tamil Nadu,Cotton,6975.71
01-03-2024,Karnataka,Maize,1779.79
01-10-2028,Gujarat,Barley,1882.41
01-08-2023,Tamil Nadu,Sugarcane,320.71
01-04-2028,Haryana,Wheat,2602.35
01-12-2021,Punjab,Maize,1554.41
01-11-2022,Punjab,Sugarcane,315.59
01-11-2024,Uttar Pradesh,Wheat,2159.95
01-03-2023,Karnataka,Pulses,5660.84
01-01-2028,Gujarat,Wheat,2444.24
01-11-2020,Uttar Pradesh,Barley,1578.55
01-05-2023,Madhya Pradesh,Pulses,5838.85
01-06-2028,Uttar Pradesh,Mustard,6148.42
01-07-2027,Gujarat,Maize,1864.61
01-05-2025,Rajasthan,Barley,1928.61
01-09-2020,Uttar Pradesh,Maize,1435.78
01-12-2028,Uttar Pradesh,Mustard,5892.54
01-11-2021,Madhya Pradesh,Groundnut,5585.59
01-04-2025,Bihar,Mustard,5918.7
01-11-2023,Karnataka,Pulses,5356.82
01-11-2021,Rajasthan,Groundnut,5485.38
01-01-2021,Rajasthan,Sugarcane,314.12
01-10-2023,Punjab,Rice,1884.99
01-08-2020,Madhya Pradesh,Pulses,5036.38
01-11-2025,Karnataka,Cotton,6722.65
01-04-2027,Maharashtra,Barley,2069.29
01-02-2024,Tamil Nadu,Wheat,2314.12
01-06-2021,Bihar,Cotton,6511.69
01-08-2026,Bihar,Groundnut,6299.64
01-04-2026,Karnataka,Soybean,4283.2
01-08-2023,Punjab,Mustard,5107.45
01-04-2024,Madhya Pradesh,Groundnut,6505.57
01-08-2026,Karnataka,Mustard,5676.18
01-10-2021,Rajasthan,Barley,1568.55
01-06-2022,Maharashtra,Sugarcane,327.58
01-02-2027,Karnataka,Soybean,4416.28
01-09-2023,Karnataka,Cotton,6447.28
01-09-2027,Rajasthan,Soybean,4111.96
01-10-2026,Tamil Nadu,Cotton,6971.54
01-01-2026,Madhya Pradesh,Mustard,5759.55
01-11-2028,Haryana,Sugarcane,366.53
01-02-2021,Punjab,Rice,1898.49
01-06-2023,Tamil Nadu,Sugarcane,340.57
01-09-2026,Punjab,Pulses,5759.22
01-07-2026,Madhya Pradesh,Cotton,7221.65
01-01-2021,Rajasthan,Soybean,3580.74
01-05-2026,Rajasthan,Maize,1889.67
01-07-2027,Rajasthan,Sugarcane,364.91
01-04-2027,Haryana,Pulses,6492.23
01-02-2025,Madhya Pradesh,Wheat,2386.32
01-01-2027,Uttar Pradesh,Wheat,2451.53
01-05-2020,Gujarat,Mustard,5003.55
01-12-2027,Uttar Pradesh,Soybean,4238.51
01-03-2025,Haryana,Barley,1913.28
01-02-2022,Uttar Pradesh,Soybean,3771.46
01-06-2027,Tamil Nadu,Soybean,4470.91
01-10-2020,Uttar Pradesh,Cotton,5888.93
01-08-2025,Gujarat,Rice,2052.1
01-09-2022,Uttar Pradesh,Pulses,5242.3
01-02-2028,Tamil Nadu,Maize,1876.9
01-12-2028,Gujarat,Cotton,7536.95
01-09-2026,Karnataka,Sugarcane,348.88
01-09-2024,Madhya Pradesh,Maize,1667.02
01-05-2027,Uttar Pradesh,Cotton,7509.36
01-07-2024,Madhya Pradesh,Wheat,2315.02
01-07-2022,Uttar Pradesh,Barley,1707.36
01-06-2022,Bihar,Mustard,5301.63
01-02-2025,Madhya Pradesh,Soybean,4207.88
01-06-2024,Haryana,Soybean,4011.66
01-10-2020,Bihar,Sugarcane,291.35
01-04-2027,Gujarat,Soybean,4412.06
01-08-2026,Maharashtra,Sugarcane,355.23
01-10-2028,Madhya Pradesh,Groundnut,6606.52
01-11-2026,Tamil Nadu,Cotton,6890.45
01-11-2026,Haryana,Sugarcane,351.35
01-07-2020,Gujarat,Soybean,3605.76
01-03-2028,Madhya Pradesh,Sugarcane,395.52
01-07-2021,Bihar,Cotton,6347.34
01-03-2027,Karnataka,Cotton,7521.34
01-04-2028,Karnataka,Wheat,2620.03
01-02-2028,Tamil Nadu,Wheat,2551.24
01-04-2026,Rajasthan,Maize,1891.19
01-02-2024,Bihar,Rice,2035.45
01-02-2020,Tamil Nadu,Soybean,3588.47
01-02-2022,Uttar Pradesh,Wheat,2141.59
01-06-2027,Maharashtra,Mustard,5998.81
01-12-2022,Uttar Pradesh,Mustard,5062.72
01-09-2026,Karnataka,Groundnut,6304.0
01-09-2024,Punjab,Rice,1968.77
01-07-2023,Gujarat,Cotton,6625.97
01-02-2023,Rajasthan,Mustard,5299.0
01-05-2028,Haryana,Maize,1959.82
01-09-2028,Punjab,Cotton,7113.33
01-06-2027,Maharashtra,Maize,1881.82
01-03-2026,Karnataka,Groundnut,6714.9
01-12-2024,Karnataka,Maize,1662.72
01-10-2023,Bihar,Soybean,3741.3
01-05-2028,Madhya Pradesh,Pulses,6550.59
01-01-2027,Bihar,Sugarcane,357.09
01-01-2021,Rajasthan,Maize,1554.9
01-08-2022,Maharashtra,Cotton,6256.31
01-09-2027,Haryana,Pulses,5804.61
01-06-2024,Tamil Nadu,Mustard,5552.42
01-07-2028,Madhya Pradesh,Cotton,7399.81
01-04-2028,Uttar Pradesh,Sugarcane,388.35
01-06-2028,Rajasthan,Wheat,2606.05
01-01-2023,Gujarat,Pulses,5538.55
01-09-2020,Madhya Pradesh,Pulses,4973.62
01-10-2023,Gujarat,Groundnut,5730.56
01-04-2027,Maharashtra,Cotton,7710.82
01-12-2025,Rajasthan,Soybean,4049.69
01-11-2023,Rajasthan,Groundnut,5850.28
01-04-2025,Karnataka,Mustard,5735.41
01-01-2024,Tamil Nadu,Pulses,5691.0
01-11-2027,Uttar Pradesh,Cotton,7091.19
01-11-2024,Madhya Pradesh,Wheat,2158.02
01-07-2023,Rajasthan,Wheat,2184.8
01-04-2022,Bihar,Maize,1701.7
01-08-2026,Uttar Pradesh,Groundnut,6469.3
01-03-2027,Karnataka,Mustard,6044.79
01-04-2027,Rajasthan,Rice,2260.28
01-01-2027,Madhya Pradesh,Wheat,2400.75
01-08-2026,Haryana,Wheat,2333.11
01-09-2024,Gujarat,Sugarcane,326.84
01-09-2020,Haryana,Soybean,3420.02
01-01-2028,Tamil Nadu,Rice,2223.17
01-11-2021,Bihar,Cotton,6034.94
01-07-2024,Gujarat,Sugarcane,333.99
01-04-2028,Karnataka,Mustard,6342.94
01-07-2020,Haryana,Soybean,3572.81
01-01-2022,Punjab,Groundnut,5810.86
01-09-2027,Maharashtra,Maize,1738.19
01-06-2023,Gujarat,Rice,2026.34
01-07-2028,Haryana,Cotton,7587.32
01-03-2027,Bihar,Barley,2059.44
01-10-2024,Rajasthan,Sugarcane,324.39
01-07-2022,Rajasthan,Mustard,5240.19
01-03-2028,Bihar,Maize,1950.29
01-12-2025,Madhya Pradesh,Pulses,5722.7
01-07-2025,Karnataka,Cotton,6897.14
01-02-2026,Bihar,Barley,1922.86
01-10-2020,Rajasthan,Groundnut,5249.78
01-04-2025,Tamil Nadu,Sugarcane,358.78
01-09-2025,Rajasthan,Groundnut,6050.44
01-09-2022,Uttar Pradesh,Sugarcane,313.21
01-05-2023,Tamil Nadu,Maize,1710.22
01-04-2028,Uttar Pradesh,Mustard,6273.47
01-12-2026,Madhya Pradesh,Barley,1869.94
01-12-2023,Karnataka,Pulses,5537.88
01-10-2022,Gujarat,Wheat,2027.83
01-06-2024,Uttar Pradesh,Soybean,4021.57
01-04-2026,Tamil Nadu,Sugarcane,370.19
01-04-2028,Karnataka,Rice,2333.64
01-08-2024,Madhya Pradesh,Cotton,6534.01
01-08-2020,Tamil Nadu,Sugarcane,295.25
01-05-2021,Haryana,Pulses,5431.12
01-02-2024,Punjab,Maize,1727.69
01-08-2024,Haryana,Wheat,2203.75
01-09-2024,Uttar Pradesh,Wheat,2141.76
01-10-2021,Punjab,Groundnut,5599.42
01-11-2020,Tamil Nadu,Rice,1770.32
01-03-2025,Madhya Pradesh,Maize,1842.24
01-04-2023,Karnataka,Rice,2068.3
01-07-2028,Karnataka,Mustard,6056.37
01-04-2028,Karnataka,Sugarcane,393.45
01-10-2022,Gujarat,Rice,1869.9
01-01-2020,Bihar,Maize,1512.96
01-05-2028,Haryana,Wheat,2645.38
01-01-2021,Uttar Pradesh,Pulses,5203.36
01-10-2021,Madhya Pradesh,Mustard,4762.18
01-01-2028,Rajasthan,Maize,1844.54
01-10-2023,Karnataka,Wheat,2105.12
01-09-2020,Punjab,Sugarcane,294.9
01-08-2020,Punjab,Pulses,4952.91
01-08-2020,Bihar,Rice,1756.25
01-08-2025,Tamil Nadu,Maize,1673.97
01-02-2022,Rajasthan,Cotton,6607.1
01-02-2023,Maharashtra,Rice,1991.08
01-07-2027,Madhya Pradesh,Cotton,7243.36
01-05-2024,Bihar,Barley,1911.04
01-06-2026,Haryana,Groundnut,6627.15
01-01-2026,Maharashtra,Pulses,5965.44
01-08-2027,Gujarat,Mustard,5647.75
01-08-2027,Haryana,Maize,1813.51
01-06-2022,Tamil Nadu,Soybean,3881.99
01-06-2025,Madhya Pradesh,Wheat,2423.16
01-07-2027,Karnataka,Groundnut,6654.25
01-04-2025,Karnataka,Barley,1917.02
01-06-2021,Uttar Pradesh,Maize,1602.45
01-05-2028,Gujarat,Groundnut,7182.85
01-08-2027,Maharashtra,Cotton,7230.4
01-11-2022,Tamil Nadu,Soybean,3577.09
01-07-2024,Haryana,Rice,2051.05
01-10-2021,Bihar,Pulses,4905.7
01-04-2023,Madhya Pradesh,Barley,1868.78
01-05-2022,Haryana,Sugarcane,331.14
01-05-2027,Uttar Pradesh,Barley,2009.03
01-03-2027,Bihar,Cotton,7471.91
01-05-2021,Maharashtra,Barley,1757.22
01-10-2021,Punjab,Maize,1492.06
01-02-2025,Maharashtra,Wheat,2385.9
01-05-2024,Tamil Nadu,Pulses,5845.13
01-06-2028,Bihar,Cotton,7684.36
01-01-2028,Gujarat,Groundnut,6938.89
01-05-2021,Maharashtra,Rice,1924.63
01-02-2020,Tamil Nadu,Mustard,4840.46
01-04-2028,Bihar,Barley,2093.97
01-08-2025,Gujarat,Groundnut,6286.46
01-08-2024,Gujarat,Pulses,5503.55
01-08-2021,Karnataka,Wheat,2078.34
01-08-2021,Maharashtra,Wheat,2031.52
01-12-2026,Punjab,Groundnut,6559.46
01-09-2022,Uttar Pradesh,Barley,1637.48
01-07-2027,Haryana,Sugarcane,370.46
01-09-2020,Gujarat,Cotton,5971.94
01-07-2026,Bihar,Wheat,2379.72
01-11-2027,Tamil Nadu,Cotton,7168.95
01-07-2028,Karnataka,Sugarcane,369.03
01-03-2020,Rajasthan,Soybean,3742.02
01-08-2022,Gujarat,Sugarcane,310.37
01-09-2020,Madhya Pradesh,Cotton,5882.49
01-06-2027,Haryana,Pulses,6231.77
01-05-2024,Uttar Pradesh,Mustard,5654.45
01-04-2023,Maharashtra,Rice,2049.13
01-08-2023,Tamil Nadu,Groundnut,5983.99
01-01-2025,Uttar Pradesh,Maize,1752.08
01-07-2026,Gujarat,Soybean,4244.33
01-02-2022,Karnataka,Groundnut,5928.32
01-10-2025,Uttar Pradesh,Mustard,5298.48
01-11-2021,Madhya Pradesh,Rice,1787.03
01-03-2028,Bihar,Barley,2087.77
01-09-2024,Bihar,Mustard,5215.17
01-01-2027,Punjab,Wheat,2421.14
01-12-2027,Gujarat,Mustard,5817.09
01-10-2028,Uttar Pradesh,Rice,2159.27
01-02-2025,Karnataka,Pulses,5879.66
01-08-2020,Tamil Nadu,Cotton,5972.47
01-07-2024,Uttar Pradesh,Pulses,5644.28
01-02-2025,Rajasthan,Groundnut,6485.58
01-03-2021,Gujarat,Soybean,3731.13
01-09-2021,Uttar Pradesh,Pulses,5072.56
01-10-2026,Tamil Nadu,Groundnut,6303.01
01-01-2023,Gujarat,Maize,1604.53
01-11-2023,Rajasthan,Wheat,2095.4
01-07-2020,Uttar Pradesh,Rice,1794.15
01-09-2024,Karnataka,Barley,1740.67
01-02-2020,Haryana,Wheat,2070.44
01-02-2024,Haryana,Barley,1851.12
01-07-2026,Karnataka,Soybean,4146.05
01-03-2024,Gujarat,Pulses,5882.16
01-11-2028,Bihar,Soybean,4306.95
01-02-2028,Rajasthan,Cotton,7629.75
01-09-2026,Maharashtra,Barley,1856.22
01-09-2020,Uttar Pradesh,Cotton,5780.46
01-10-2022,Punjab,Pulses,5132.03
01-06-2020,Gujarat,Rice,1844.51
01-05-2027,Rajasthan,Wheat,2496.92
01-06-2025,Maharashtra,Groundnut,6577.96
01-04-2022,Punjab,Sugarcane,331.03
01-10-2027,Karnataka,Wheat,2324.52
01-05-2024,Bihar,Wheat,2349.88
01-08-2021,Madhya Pradesh,Maize,1534.35
01-05-2022,Madhya Pradesh,Groundnut,6093.43
01-09-2020,Uttar Pradesh,Soybean,3437.16
01-08-2021,Maharashtra,Cotton,6186.62
01-11-2028,Karnataka,Wheat,2454.16
01-02-2021,Madhya Pradesh,Soybean,3654.34
01-10-2027,Tamil Nadu,Maize,1767.29
01-04-2021,Punjab,Rice,1977.97
01-08-2026,Bihar,Rice,2065.25
01-02-2025,Maharashtra,Barley,1877.84
01-05-2021,Punjab,Cotton,6413.72
01-08-2024,Karnataka,Sugarcane,327.45
01-06-2020,Haryana,Barley,1679.9
01-03-2021,Bihar,Barley,1717.0
01-09-2025,Punjab,Rice,2033.53
01-05-2024,Punjab,Soybean,4096.02
01-08-2022,Punjab,Soybean,3645.77
01-03-2025,Maharashtra,Sugarcane,366.74
01-01-2024,Uttar Pradesh,Groundnut,6262.29
01-03-2022,Madhya Pradesh,Cotton,6726.56
01-06-2027,Madhya Pradesh,Barley,2040.67
01-01-2022,Madhya Pradesh,Sugarcane,316.59
01-09-2027,Karnataka,Wheat,2333.01
01-04-2020,Uttar Pradesh,Groundnut,5737.54
01-10-2027,Rajasthan,Groundnut,6403.18
01-06-2022,Uttar Pradesh,Barley,1771.2
01-08-2026,Karnataka,Wheat,2380.71
01-10-2021,Bihar,Soybean,3535.61
01-08-2022,Maharashtra,Maize,1553.34
01-08-2025,Punjab,Wheat,2317.25
01-09-2021,Maharashtra,Pulses,5045.42
01-03-2024,Uttar Pradesh,Rice,2087.82
01-12-2028,Karnataka,Mustard,5824.42
01-03-2023,Karnataka,Barley,1840.97
01-01-2024,Maharashtra,Pulses,5594.73
01-06-2026,Karnataka,Sugarcane,372.17
01-04-2022,Maharashtra,Rice,2023.58
01-08-2022,Rajasthan,Mustard,5029.49
01-07-2023,Uttar Pradesh,Pulses,5581.87
01-06-2020,Uttar Pradesh,Groundnut,5716.53
01-12-2020,Gujarat,Soybean,3460.0
01-01-2021,Uttar Pradesh,Soybean,3559.01
01-04-2025,Karnataka,Wheat,2465.13
01-03-2023,Rajasthan,Soybean,3969.42
01-08-2026,Maharashtra,Barley,1831.59
01-01-2026,Madhya Pradesh,Sugarcane,355.69
01-11-2028,Gujarat,Barley,1972.43
01-09-2028,Uttar Pradesh,Cotton,7105.49
01-08-2024,Karnataka,Mustard,5309.71
01-08-2022,Bihar,Groundnut,5689.52
01-04-2026,Tamil Nadu,Wheat,2472.34
01-02-2022,Karnataka,Maize,1637.44
01-07-2022,Punjab,Sugarcane,322.87
01-02-2026,Madhya Pradesh,Maize,1823.16
01-05-2024,Maharashtra,Groundnut,6544.72
01-04-2025,Karnataka,Groundnut,6789.73
01-07-2028,Maharashtra,Soybean,4455.9
01-11-2021,Haryana,Groundnut,5649.6
01-10-2025,Punjab,Cotton,6694.92
01-04-2024,Haryana,Sugarcane,355.28
01-07-2028,Uttar Pradesh,Cotton,7513.78
01-01-2023,Tamil Nadu,Barley,1709.66
01-05-2027,Punjab,Pulses,6327.23
01-12-2022,Rajasthan,Sugarcane,318.68
01-10-2021,Uttar Pradesh,Soybean,3542.58
01-08-2020,Gujarat,Cotton,6054.47
01-03-2023,Punjab,Wheat,2268.0
01-06-2027,Madhya Pradesh,Mustard,5977.92
01-03-2023,Haryana,Groundnut,6163.17
01-10-2021,Maharashtra,Sugarcane,299.05
01-08-2022,Gujarat,Cotton,6354.26
01-10-2024,Madhya Pradesh,Wheat,2171.98
01-03-2027,Uttar Pradesh,Soybean,4418.11
01-11-2021,Madhya Pradesh,Mustard,4860.96
01-08-2022,Bihar,Barley,1714.03
01-11-2020,Punjab,Groundnut,5336.33
01-03-2023,Gujarat,Soybean,4063.23
01-01-2024,Rajasthan,Sugarcane,331.05
01-04-2028,Gujarat,Barley,2077.99
01-01-2027,Punjab,Groundnut,6651.58
01-04-2027,Karnataka,Sugarcane,379.99
01-04-2027,Rajasthan,Sugarcane,379.86
01-08-2022,Bihar,Rice,1861.34
01-06-2020,Punjab,Pulses,5178.2
01-06-2021,Maharashtra,Groundnut,5875.49
01-11-2025,Maharashtra,Cotton,6847.95
01-09-2024,Maharashtra,Maize,1614.21
01-09-2024,Madhya Pradesh,Barley,1776.62
01-05-2028,Madhya Pradesh,Maize,1994.23
01-05-2024,Madhya Pradesh,Groundnut,6422.78
01-08-2026,Gujarat,Sugarcane,343.68
01-05-2023,Uttar Pradesh,Cotton,6942.62
01-06-2025,Uttar Pradesh,Pulses,5996.66
01-12-2026,Haryana,Cotton,7054.73
01-09-2025,Madhya Pradesh,Soybean,3911.88
01-06-2023,Haryana,Wheat,2295.56
01-11-2020,Tamil Nadu,Barley,1594.46
01-07-2020,Tamil Nadu,Sugarcane,307.89
01-09-2021,Haryana,Soybean,3516.18
01-09-2028,Punjab,Soybean,4143.15
01-10-2024,Uttar Pradesh,Groundnut,6001.07
01-11-2020,Bihar,Sugarcane,289.7
01-04-2023,Karnataka,Wheat,2307.43
01-01-2028,Haryana,Soybean,4417.25
01-01-2025,Maharashtra,Soybean,4082.73
01-08-2028,Haryana,Mustard,5837.03
01-09-2024,Punjab,Groundnut,5976.22
01-06-2023,Bihar,Sugarcane,338.35
01-02-2027,Rajasthan,Soybean,4311.0
01-08-2020,Karnataka,Maize,1458.46
01-04-2024,Bihar,Groundnut,6508.53
01-09-2027,Punjab,Soybean,4097.4
01-08-2021,Tamil Nadu,Maize,1548.65
01-10-2021,Tamil Nadu,Soybean,3486.94
01-08-2028,Haryana,Sugarcane,367.06
01-12-2023,Rajasthan,Sugarcane,322.11
01-10-2028,Gujarat,Groundnut,6629.93
01-09-2028,Tamil Nadu,Maize,1810.76
01-07-2025,Karnataka,Groundnut,6500.69
01-12-2027,Maharashtra,Mustard,5896.19
01-06-2020,Uttar Pradesh,Rice,1893.91
01-03-2022,Madhya Pradesh,Sugarcane,329.64
01-12-2025,Bihar,Cotton,6949.17
01-01-2027,Karnataka,Groundnut,6726.31
01-06-2025,Karnataka,Mustard,5674.56
01-10-2020,Tamil Nadu,Cotton,5784.14
01-03-2021,Uttar Pradesh,Mustard,5178.99
01-06-2024,Tamil Nadu,Maize,1744.09
01-10-2021,Karnataka,Groundnut,5412.66
01-10-2021,Gujarat,Pulses,4908.15
01-04-2027,Bihar,Wheat,2560.4
01-12-2025,Karnataka,Cotton,6767.73
01-07-2020,Tamil Nadu,Pulses,5149.55
01-07-2025,Haryana,Rice,2071.71
01-02-2020,Uttar Pradesh,Groundnut,5616.94
01-06-2027,Rajasthan,Maize,1903.1
01-03-2027,Bihar,Sugarcane,375.86
01-11-2026,Tamil Nadu,Mustard,5470.67
01-08-2021,Rajasthan,Barley,1635.17
01-11-2025,Tamil Nadu,Soybean,3881.19
01-05-2020,Madhya Pradesh,Cotton,6315.23
01-08-2027,Madhya Pradesh,Barley,1891.11
01-02-2021,Punjab,Barley,1675.49
01-12-2027,Maharashtra,Sugarcane,360.19
01-04-2020,Punjab,Maize,1569.86
01-11-2022,Punjab,Cotton,6277.48
01-04-2025,Haryana,Rice,2157.62
01-05-2021,Punjab,Groundnut,5894.45
01-05-2027,Rajasthan,Rice,2249.72
01-10-2028,Tamil Nadu,Wheat,2421.52
01-04-2027,Tamil Nadu,Rice,2269.59
01-02-2022,Uttar Pradesh,Pulses,5340.25
01-05-2020,Maharashtra,Pulses,5212.35
01-12-2022,Gujarat,Rice,1943.72
01-07-2028,Punjab,Groundnut,6952.22
01-10-2026,Gujarat,Soybean,3925.47
01-09-2022,Maharashtra,Rice,1865.2
01-09-2021,Uttar Pradesh,Groundnut,5603.64
01-02-2020,Uttar Pradesh,Wheat,2066.29
01-07-2028,Uttar Pradesh,Wheat,2478.22
01-03-2020,Gujarat,Pulses,5253.38
01-02-2024,Maharashtra,Mustard,5444.0
01-07-2021,Tamil Nadu,Cotton,6235.46
01-12-2021,Haryana,Soybean,3571.06
01-03-2020,Madhya Pradesh,Groundnut,5798.66
01-06-2020,Bihar,Barley,1642.87
01-10-2024,Tamil Nadu,Soybean,3739.8
01-05-2028,Maharashtra,Maize,1945.91
01-10-2026,Haryana,Soybean,4026.91
01-01-2021,Karnataka,Groundnut,5691.17
01-04-2022,Haryana,Mustard,5394.45
01-10-2020,Haryana,Soybean,3380.04
01-02-2023,Karnataka,Maize,1660.28
01-08-2027,Gujarat,Rice,2129.33
01-03-2022,Gujarat,Barley,1758.05
01-11-2026,Maharashtra,Rice,2077.59
01-11-2026,Bihar,Barley,1821.67
01-05-2028,Maharashtra,Rice,2313.34
01-04-2022,Gujarat,Wheat,2253.87
01-05-2023,Madhya Pradesh,Sugarcane,348.07
01-01-2026,Haryana,Cotton,7062.19
01-08-2022,Punjab,Sugarcane,315.22
01-01-2027,Rajasthan,Soybean,4286.45
01-09-2027,Karnataka,Groundnut,6352.57
01-02-2020,Bihar,Cotton,6208.59
01-08-2026,Rajasthan,Cotton,7121.14
01-04-2023,Rajasthan,Maize,1698.02
01-10-2020,Rajasthan,Pulses,4946.34
01-11-2028,Madhya Pradesh,Groundnut,6540.39
01-07-2025,Bihar,Cotton,6950.63
01-05-2027,Tamil Nadu,Barley,2008.51
01-02-2021,Rajasthan,Mustard,5020.28
01-06-2027,Punjab,Cotton,7648.2
01-05-2023,Bihar,Mustard,5527.62
01-03-2028,Madhya Pradesh,Groundnut,7019.26
01-10-2027,Uttar Pradesh,Groundnut,6542.01
01-10-2021,Bihar,Mustard,4768.46
01-03-2022,Tamil Nadu,Rice,1970.3
01-12-2021,Bihar,Sugarcane,306.88
01-12-2028,Gujarat,Groundnut,6789.66
01-05-2021,Madhya Pradesh,Maize,1618.5
01-09-2028,Uttar Pradesh,Groundnut,6519.7
01-06-2020,Tamil Nadu,Cotton,6160.02
01-02-2027,Uttar Pradesh,Soybean,4376.05
01-04-2025,Haryana,Wheat,2447.89
01-11-2025,Maharashtra,Soybean,3986.0
01-07-2022,Punjab,Cotton,6375.47
01-07-2023,Punjab,Groundnut,5999.29
01-09-2020,Karnataka,Rice,1770.64
01-02-2023,Gujarat,Rice,2010.9
01-11-2022,Haryana,Maize,1539.88
01-10-2026,Haryana,Cotton,6983.93
01-01-2027,Tamil Nadu,Mustard,5716.4
01-02-2027,Karnataka,Cotton,7550.51
01-08-2023,Bihar,Soybean,3841.43
01-08-2028,Gujarat,Groundnut,6830.16
01-03-2021,Punjab,Wheat,2175.83
01-03-2026,Tamil Nadu,Groundnut,6785.84
01-06-2020,Tamil Nadu,Maize,1574.7
01-06-2027,Karnataka,Maize,1881.27
01-03-2021,Karnataka,Rice,1920.05
01-09-2027,Uttar Pradesh,Groundnut,6388.91
01-02-2024,Bihar,Sugarcane,338.56
01-05-2021,Tamil Nadu,Maize,1622.09
01-07-2022,Karnataka,Sugarcane,322.34
01-01-2025,Haryana,Groundnut,6438.33
01-02-2025,Karnataka,Mustard,5726.44
01-10-2027,Punjab,Rice,2114.81
01-04-2028,Bihar,Sugarcane,389.9
01-03-2021,Madhya Pradesh,Wheat,2132.72
01-09-2027,Uttar Pradesh,Soybean,4193.31
01-09-2024,Uttar Pradesh,Barley,1756.81
01-12-2025,Bihar,Wheat,2323.66
01-02-2024,Tamil Nadu,Pulses,5665.97
01-02-2024,Bihar,Barley,1866.49
01-05-2026,Punjab,Cotton,7569.46
01-05-2025,Bihar,Groundnut,6734.3
01-11-2025,Haryana,Soybean,3901.5
01-03-2022,Uttar Pradesh,Wheat,2229.49
01-05-2022,Tamil Nadu,Sugarcane,329.9
01-12-2023,Maharashtra,Mustard,5319.97
01-11-2028,Haryana,Cotton,7380.97
01-11-2026,Karnataka,Soybean,4037.5
01-03-2020,Karnataka,Pulses,5148.0
01-04-2020,Uttar Pradesh,Sugarcane,318.23
01-12-2027,Maharashtra,Cotton,7256.99
01-01-2027,Karnataka,Sugarcane,357.49
01-11-2024,Bihar,Maize,1641.79
01-08-2023,Rajasthan,Maize,1606.53
01-01-2027,Uttar Pradesh,Maize,1786.6
01-01-2026,Rajasthan,Groundnut,6527.53
01-01-2020,Maharashtra,Cotton,5955.18
01-08-2023,Haryana,Mustard,5235.74
01-03-2020,Maharashtra,Rice,1922.33
01-11-2021,Haryana,Pulses,5122.13
01-03-2023,Madhya Pradesh,Wheat,2253.31
01-01-2020,Rajasthan,Barley,1578.04
01-01-2025,Madhya Pradesh,Maize,1748.71
01-10-2022,Karnataka,Mustard,4858.83
01-06-2024,Tamil Nadu,Wheat,2298.94
01-02-2024,Rajasthan,Soybean,4021.82
01-08-2025,Tamil Nadu,Mustard,5355.35
01-09-2026,Tamil Nadu,Groundnut,6381.68
01-05-2020,Bihar,Wheat,2096.11
01-10-2026,Tamil Nadu,Barley,1831.88
01-07-2027,Uttar Pradesh,Rice,2184.66
01-11-2026,Madhya Pradesh,Pulses,5701.51
01-09-2026,Karnataka,Pulses,5717.51
01-08-2027,Karnataka,Rice,2188.55
01-12-2021,Bihar,Mustard,4871.62
01-02-2028,Gujarat,Maize,1908.45
01-07-2023,Haryana,Sugarcane,336.09
01-02-2021,Bihar,Wheat,2109.56
01-07-2028,Maharashtra,Wheat,2497.16
01-11-2024,Rajasthan,Groundnut,6073.74
01-12-2026,Punjab,Barley,1884.66
01-11-2022,Tamil Nadu,Cotton,6339.58
01-02-2021,Karnataka,Pulses,5296.0
01-10-2024,Gujarat,Barley,1732.85
01-10-2026,Uttar Pradesh,Rice,2016.75
01-08-2025,Haryana,Sugarcane,335.01
01-04-2024,Madhya Pradesh,Wheat,2378.68
01-02-2022,Gujarat,Barley,1742.51
01-07-2021,Punjab,Sugarcane,318.71
01-10-2021,Haryana,Groundnut,5484.42
01-07-2025,Madhya Pradesh,Wheat,2300.26
01-02-2028,Rajasthan,Mustard,6132.97
01-05-2022,Madhya Pradesh,Maize,1687.22
01-02-2025,Rajasthan,Maize,1796.98
01-07-2028,Bihar,Pulses,6226.22
01-04-2025,Punjab,Wheat,2454.58
01-05-2020,Rajasthan,Mustard,4971.65
01-02-2026,Madhya Pradesh,Pulses,6162.22
01-10-2020,Bihar,Barley,1581.01
01-05-2021,Haryana,Rice,1932.98
01-02-2022,Punjab,Rice,1997.79
01-08-2021,Madhya Pradesh,Rice,1804.67
01-10-2021,Haryana,Soybean,3508.05
01-02-2021,Madhya Pradesh,Groundnut,5819.58
01-08-2027,Maharashtra,Pulses,6101.61
01-01-2021,Uttar Pradesh,Groundnut,5756.19
01-03-2028,Bihar,Rice,2360.94
01-04-2028,Bihar,Wheat,2639.07
01-07-2021,Uttar Pradesh,Wheat,2087.64
01-11-2023,Haryana,Soybean,3789.86
01-02-2028,Maharashtra,Wheat,2589.59
01-02-2024,Bihar,Soybean,3967.03
01-03-2022,Tamil Nadu,Cotton,6576.86
01-05-2022,Uttar Pradesh,Mustard,5383.64
01-02-2028,Gujarat,Groundnut,7118.89
01-09-2028,Maharashtra,Rice,2128.55
01-10-2024,Karnataka,Sugarcane,321.09
01-05-2020,Gujarat,Cotton,6347.13
01-09-2026,Rajasthan,Cotton,6891.74
01-08-2025,Haryana,Wheat,2247.01
01-01-2022,Tamil Nadu,Maize,1573.7
01-12-2028,Bihar,Wheat,2451.77
01-11-2026,Tamil Nadu,Rice,2057.56
01-01-2024,Maharashtra,Sugarcane,329.55
01-09-2021,Uttar Pradesh,Barley,1625.26
01-03-2025,Bihar,Soybean,4135.25
01-05-2027,Gujarat,Wheat,2554.82
01-11-2020,Maharashtra,Mustard,4734.31
01-06-2028,Bihar,Mustard,6235.52
01-04-2024,Punjab,Mustard,5791.87
01-02-2022,Maharashtra,Groundnut,5969.59
01-01-2026,Gujarat,Groundnut,6449.15
01-12-2022,Haryana,Rice,1884.09
01-03-2027,Karnataka,Rice,2243.61
01-11-2021,Punjab,Rice,1796.45
01-10-2025,Haryana,Pulses,5521.5
01-11-2023,Rajasthan,Soybean,3674.34
01-05-2023,Rajasthan,Cotton,6832.29
01-07-2023,Karnataka,Sugarcane,336.1
01-12-2020,Karnataka,Pulses,4939.05
01-07-2020,Maharashtra,Groundnut,5570.05
01-06-2026,Karnataka,Mustard,5787.3
01-10-2025,Bihar,Soybean,3868.5
01-01-2020,Tamil Nadu,Sugarcane,302.27
01-07-2020,Rajasthan,Soybean,3610.7
01-05-2028,Tamil Nadu,Pulses,6520.45
01-06-2026,Bihar,Rice,2175.49
01-10-2027,Maharashtra,Mustard,5552.31
01-10-2026,Uttar Pradesh,Mustard,5395.66
01-05-2027,Gujarat,Sugarcane,387.72
01-03-2021,Gujarat,Rice,1911.38
01-12-2020,Madhya Pradesh,Maize,1477.91
01-02-2022,Gujarat,Maize,1602.78
01-05-2028,Punjab,Wheat,2625.85
01-10-2027,Rajasthan,Soybean,4167.65
01-07-2027,Maharashtra,Soybean,4250.64
01-07-2021,Rajasthan,Pulses,5326.62
01-04-2020,Maharashtra,Groundnut,5729.49
01-11-2028,Karnataka,Rice,2184.32
01-05-2026,Bihar,Cotton,7443.63
01-02-2021,Maharashtra,Wheat,2102.19
01-04-2020,Haryana,Cotton,6440.62
01-11-2020,Haryana,Pulses,4865.96
01-06-2028,Uttar Pradesh,Cotton,7830.01
01-09-2028,Haryana,Groundnut,6751.4
01-04-2025,Rajasthan,Wheat,2403.47
01-03-2027,Gujarat,Wheat,2546.38
01-02-2026,Rajasthan,Cotton,7306.81
01-10-2026,Madhya Pradesh,Rice,2017.63
01-06-2028,Punjab,Soybean,4484.27
01-06-2022,Maharashtra,Barley,1748.5
01-07-2022,Karnataka,Maize,1606.45
01-12-2023,Gujarat,Wheat,2158.63
01-03-2025,Rajasthan,Wheat,2402.29
01-06-2021,Gujarat,Wheat,2111.57
01-05-2028,Karnataka,Cotton,7685.31
01-06-2021,Haryana,Groundnut,5901.15
01-01-2027,Punjab,Pulses,6030.94
01-01-2020,Bihar,Pulses,5095.21
01-03-2022,Uttar Pradesh,Sugarcane,332.64
01-03-2025,Madhya Pradesh,Rice,2163.42
01-09-2025,Tamil Nadu,Pulses,5580.77
01-10-2025,Uttar Pradesh,Pulses,5497.24
01-03-2021,Rajasthan,Soybean,3753.2
01-10-2024,Karnataka,Barley,1723.19
01-07-2025,Bihar,Rice,2130.63
01-12-2025,Karnataka,Wheat,2284.32
01-01-2027,Gujarat,Groundnut,6530.64
01-01-2028,Karnataka,Groundnut,6869.75
01-07-2023,Punjab,Barley,1793.61
01-04-2026,Punjab,Mustard,5897.4
01-03-2020,Tamil Nadu,Pulses,5155.09
01-12-2027,Bihar,Cotton,7128.51
01-07-2026,Uttar Pradesh,Pulses,6050.81
01-08-2023,Madhya Pradesh,Sugarcane,318.9
01-01-2021,Madhya Pradesh,Barley,1669.56
01-09-2027,Haryana,Sugarcane,354.27
01-01-2028,Tamil Nadu,Cotton,7429.11
01-04-2023,Karnataka,Barley,1852.97
01-02-2022,Maharashtra,Maize,1638.59
01-03-2024,Maharashtra,Soybean,4162.84
01-04-2027,Karnataka,Mustard,6088.37
01-09-2024,Punjab,Mustard,5207.17
01-08-2025,Maharashtra,Groundnut,6376.98
01-07-2021,Gujarat,Groundnut,5664.0
01-12-2027,Bihar,Soybean,4202.21
01-04-2022,Punjab,Cotton,6598.9
01-08-2024,Tamil Nadu,Mustard,5345.1
01-12-2020,Gujarat,Wheat,2012.09
01-11-2021,Gujarat,Rice,1810.42
01-02-2023,Haryana,Pulses,5611.36
01-09-2024,Punjab,Maize,1666.37
01-09-2025,Maharashtra,Sugarcane,342.34
01-05-2026,Uttar Pradesh,Sugarcane,375.09
01-09-2026,Bihar,Sugarcane,346.07
01-06-2021,Haryana,Soybean,3715.67
01-07-2027,Gujarat,Soybean,4291.67
01-03-2028,Haryana,Soybean,4503.09
01-09-2025,Tamil Nadu,Sugarcane,339.12
01-09-2028,Karnataka,Cotton,7314.86
01-08-2026,Tamil Nadu,Groundnut,6513.38
01-11-2024,Maharashtra,Maize,1674.21
01-03-2026,Madhya Pradesh,Pulses,6262.35
01-05-2027,Punjab,Rice,2261.04
01-08-2023,Haryana,Sugarcane,328.18
01-08-2023,Maharashtra,Barley,1725.16
01-08-2023,Madhya Pradesh,Rice,1961.59
01-07-2027,Rajasthan,Maize,1841.8
01-05-2022,Karnataka,Barley,1783.81
01-08-2028,Uttar Pradesh,Wheat,2486.56
01-12-2026,Tamil Nadu,Wheat,2387.27
01-08-2026,Punjab,Groundnut,6517.49
01-04-2027,Madhya Pradesh,Wheat,2515.27
01-06-2025,Punjab,Barley,1921.57
01-04-2022,Karnataka,Soybean,3938.91
01-04-2028,Gujarat,Maize,1944.82
01-12-2026,Karnataka,Maize,1789.73
01-03-2027,Punjab,Cotton,7714.14
01-07-2020,Rajasthan,Barley,1592.61
01-10-2025,Maharashtra,Mustard,5399.63
01-05-2028,Uttar Pradesh,Rice,2386.42
01-07-2028,Bihar,Mustard,5973.99
01-12-2023,Punjab,Barley,1771.31
01-06-2023,Uttar Pradesh,Maize,1675.26
01-01-2027,Madhya Pradesh,Groundnut,6716.87
01-11-2023,Punjab,Soybean,3785.12
01-12-2020,Bihar,Barley,1582.53
01-02-2020,Haryana,Groundnut,5745.87
01-04-2027,Gujarat,Rice,2335.46
01-07-2028,Maharashtra,Cotton,7445.03
01-03-2022,Madhya Pradesh,Soybean,3859.58
01-10-2027,Maharashtra,Groundnut,6389.7
01-10-2020,Rajasthan,Soybean,3404.0
01-09-2020,Haryana,Rice,1747.54
01-12-2028,Maharashtra,Maize,1862.58
01-11-2020,Rajasthan,Barley,1596.82
01-05-2024,Maharashtra,Mustard,5627.5
01-07-2023,Uttar Pradesh,Maize,1677.06
01-04-2027,Gujarat,Mustard,6048.94
01-09-2022,Uttar Pradesh,Cotton,6143.98
01-01-2024,Bihar,Mustard,5476.78
01-12-2028,Haryana,Cotton,7380.39
01-08-2021,Tamil Nadu,Groundnut,5660.92
01-10-2022,Maharashtra,Pulses,5239.21
01-08-2022,Uttar Pradesh,Maize,1585.6
01-09-2025,Tamil Nadu,Soybean,3850.83
01-06-2028,Uttar Pradesh,Pulses,6292.62
01-05-2025,Haryana,Cotton,7354.61
01-05-2024,Punjab,Maize,1759.87
01-07-2024,Bihar,Barley,1839.49
01-10-2020,Punjab,Rice,1752.91
01-05-2023,Bihar,Cotton,6902.82
01-06-2021,Punjab,Barley,1684.35
01-06-2020,Tamil Nadu,Barley,1685.07
01-04-2023,Haryana,Groundnut,6322.87
01-02-2026,Gujarat,Barley,1947.71
01-05-2025,Maharashtra,Maize,1851.07
01-07-2025,Uttar Pradesh,Rice,2098.12
01-06-2024,Karnataka,Rice,2105.49
01-04-2020,Madhya Pradesh,Soybean,3747.49
01-03-2027,Rajasthan,Rice,2299.46
01-04-2022,Maharashtra,Sugarcane,342.92
01-06-2020,Maharashtra,Groundnut,5688.72
01-04-2024,Tamil Nadu,Sugarcane,357.33
01-01-2022,Karnataka,Barley,1673.05
01-04-2022,Rajasthan,Pulses,5511.83
01-06-2028,Uttar Pradesh,Sugarcane,377.54
01-03-2024,Haryana,Mustard,5601.74
01-06-2028,Bihar,Rice,2271.96
01-09-2028,Maharashtra,Sugarcane,359.67
01-07-2025,Bihar,Groundnut,6516.5
01-11-2026,Bihar,Cotton,6945.76
01-09-2021,Rajasthan,Rice,1822.02
01-02-2025,Rajasthan,Wheat,2379.77
01-12-2027,Haryana,Pulses,5958.3
01-06-2028,Uttar Pradesh,Wheat,2535.56
01-11-2024,Karnataka,Soybean,3889.95
01-05-2026,Karnataka,Maize,1867.32
01-08-2021,Karnataka,Rice,1838.25
01-03-2020,Uttar Pradesh,Cotton,6293.04
01-12-2024,Karnataka,Rice,2030.28
01-11-2027,Rajasthan,Pulses,5859.94
01-12-2024,Madhya Pradesh,Soybean,3842.21
01-07-2025,Madhya Pradesh,Cotton,7054.47
01-04-2020,Bihar,Groundnut,5769.11
01-08-2023,Gujarat,Wheat,2181.78
01-01-2027,Madhya Pradesh,Rice,2215.53
01-06-2022,Karnataka,Cotton,6605.56
01-03-2021,Madhya Pradesh,Groundnut,5830.4
01-05-2027,Gujarat,Maize,1875.81
01-11-2023,Karnataka,Cotton,6278.25
01-05-2022,Uttar Pradesh,Groundnut,6052.07
01-09-2027,Uttar Pradesh,Mustard,5572.57
01-07-2027,Rajasthan,Barley,1995.88
01-03-2026,Maharashtra,Rice,2267.08
01-08-2024,Tamil Nadu,Maize,1637.66
01-04-2021,Gujarat,Mustard,5275.93
01-10-2026,Maharashtra,Pulses,5619.38
01-08-2020,Tamil Nadu,Mustard,4669.05
01-10-2027,Uttar Pradesh,Soybean,4160.21
01-03-2022,Karnataka,Wheat,2205.92
01-02-2025,Tamil Nadu,Mustard,5689.64
01-04-2027,Karnataka,Pulses,6319.17
01-12-2027,Rajasthan,Cotton,7230.12
01-05-2028,Karnataka,Mustard,6285.03
01-05-2025,Uttar Pradesh,Groundnut,6695.58
01-12-2027,Karnataka,Rice,2190.32
01-12-2021,Karnataka,Pulses,5096.36
01-10-2027,Rajasthan,Cotton,6963.75
01-07-2026,Maharashtra,Maize,1767.85
01-07-2021,Bihar,Pulses,5239.64
01-10-2025,Haryana,Barley,1794.04
01-11-2026,Haryana,Barley,1859.24
01-06-2021,Punjab,Wheat,2151.0
01-03-2024,Madhya Pradesh,Mustard,5701.13
01-02-2023,Gujarat,Cotton,6638.62
01-09-2021,Rajasthan,Sugarcane,299.52
01-04-2021,Uttar Pradesh,Maize,1635.51
01-04-2026,Maharashtra,Mustard,6090.4
01-09-2021,Uttar Pradesh,Sugarcane,304.24
01-05-2025,Bihar,Cotton,7261.41
01-05-2026,Uttar Pradesh,Soybean,4367.18
01-10-2028,Madhya Pradesh,Barley,1896.39
01-06-2021,Haryana,Wheat,2131.04
01-01-2024,Punjab,Rice,2013.79
01-02-2025,Tamil Nadu,Sugarcane,357.54
01-06-2020,Tamil Nadu,Soybean,3567.8
01-01-2021,Tamil Nadu,Pulses,5052.41
01-12-2027,Gujarat,Rice,2167.91
01-08-2028,Haryana,Wheat,2474.42
01-03-2026,Bihar,Maize,1875.68
01-12-2024,Maharashtra,Sugarcane,332.49
01-04-2024,Maharashtra,Mustard,5794.19
01-12-2022,Tamil Nadu,Mustard,5133.42
01-02-2022,Rajasthan,Barley,1719.68
01-02-2026,Uttar Pradesh,Sugarcane,361.32
01-02-2021,Haryana,Soybean,3749.96
01-10-2027,Tamil Nadu,Cotton,6950.41
01-05-2024,Punjab,Mustard,5640.29
01-01-2023,Gujarat,Rice,1978.73
01-07-2027,Maharashtra,Cotton,7242.84
01-02-2028,Madhya Pradesh,Maize,1930.73
01-06-2021,Bihar,Maize,1597.56
01-11-2025,Karnataka,Mustard,5301.11
01-03-2020,Rajasthan,Mustard,5110.89
01-12-2024,Haryana,Barley,1804.12
01-05-2028,Haryana,Pulses,6618.01
01-06-2025,Punjab,Cotton,7080.47
01-03-2022,Uttar Pradesh,Pulses,5589.47
01-10-2021,Rajasthan,Mustard,4833.63
01-07-2027,Gujarat,Mustard,5880.81
01-10-2024,Rajasthan,Wheat,2177.59
01-02-2023,Haryana,Mustard,5466.78
01-01-2026,Haryana,Mustard,5668.79
01-02-2028,Haryana,Maize,1920.66
01-03-2025,Uttar Pradesh,Cotton,7173.06
01-03-2023,Gujarat,Sugarcane,340.64
01-08-2025,Punjab,Rice,2067.34
01-06-2028,Bihar,Barley,2071.31
01-09-2026,Bihar,Pulses,5648.91
01-05-2021,Bihar,Mustard,5172.76
01-12-2026,Gujarat,Mustard,5609.41
01-06-2022,Rajasthan,Maize,1667.71
01-09-2020,Uttar Pradesh,Groundnut,5384.96
01-05-2028,Uttar Pradesh,Soybean,4632.59
01-06-2021,Karnataka,Sugarcane,321.57
01-06-2023,Karnataka,Groundnut,6204.63
01-08-2020,Haryana,Barley,1577.87
01-10-2024,Madhya Pradesh,Sugarcane,324.27
01-04-2020,Gujarat,Mustard,4986.07
01-10-2022,Rajasthan,Groundnut,5568.18
01-05-2021,Haryana,Barley,1729.22
01-04-2024,Tamil Nadu,Pulses,5956.76
01-05-2020,Maharashtra,Soybean,3637.57
01-09-2023,Bihar,Barley,1687.97
01-08-2020,Tamil Nadu,Groundnut,5517.29
01-02-2023,Karnataka,Wheat,2277.2
01-07-2028,Rajasthan,Groundnut,6913.56
01-04-2020,Tamil Nadu,Wheat,2108.06
01-09-2023,Uttar Pradesh,Maize,1578.25
01-04-2027,Tamil Nadu,Soybean,4532.84
01-07-2028,Rajasthan,Wheat,2518.64
01-01-2021,Bihar,Rice,1875.39
01-03-2026,Rajasthan,Groundnut,6885.91
01-07-2024,Bihar,Groundnut,6145.71
01-08-2023,Rajasthan,Barley,1723.79
01-12-2024,Karnataka,Cotton,6834.38
01-05-2022,Haryana,Groundnut,6018.17
01-01-2023,Maharashtra,Soybean,3855.3
01-06-2028,Punjab,Sugarcane,379.4
01-02-2022,Rajasthan,Rice,1956.2
01-07-2027,Madhya Pradesh,Sugarcane,360.19
01-03-2027,Rajasthan,Pulses,6227.11
01-07-2025,Haryana,Mustard,5587.34
01-02-2022,Haryana,Wheat,2210.02
01-12-2022,Karnataka,Mustard,5165.63
01-04-2028,Rajasthan,Rice,2387.07
01-12-2021,Gujarat,Maize,1516.35
01-03-2026,Uttar Pradesh,Barley,1993.06
01-01-2021,Bihar,Soybean,3541.69
01-06-2026,Rajasthan,Soybean,4217.07
01-05-2027,Bihar,Mustard,6083.68
01-10-2028,Tamil Nadu,Groundnut,6498.32
01-11-2026,Madhya Pradesh,Maize,1742.51
01-09-2022,Rajasthan,Soybean,3681.73
01-03-2021,Karnataka,Maize,1641.26
01-04-2027,Punjab,Soybean,4443.57
01-10-2020,Maharashtra,Maize,1484.2
01-10-2024,Maharashtra,Cotton,6458.11
01-10-2028,Punjab,Mustard,5759.43
01-02-2025,Uttar Pradesh,Rice,2154.94
01-03-2028,Bihar,Wheat,2611.0
01-03-2022,Madhya Pradesh,Barley,1744.92
01-07-2021,Rajasthan,Barley,1643.34
01-10-2021,Rajasthan,Wheat,2023.59
01-05-2024,Maharashtra,Wheat,2397.2
01-10-2020,Punjab,Barley,1536.05
01-07-2021,Maharashtra,Pulses,5221.52
01-02-2023,Karnataka,Pulses,5645.91
01-02-2023,Maharashtra,Pulses,5689.55
01-06-2026,Maharashtra,Wheat,2454.85
01-02-2025,Maharashtra,Rice,2110.25
01-10-2028,Haryana,Soybean,4135.77
01-09-2027,Haryana,Barley,1895.84
01-12-2022,Maharashtra,Maize,1566.75
01-10-2022,Rajasthan,Cotton,6077.52
01-07-2028,Gujarat,Rice,2259.63
01-06-2022,Bihar,Soybean,3914.47
01-02-2024,Madhya Pradesh,Wheat,2334.94
01-07-2025,Haryana,Sugarcane,344.91
01-02-2022,Tamil Nadu,Rice,1951.24
01-12-2028,Haryana,Maize,1878.71
01-12-2026,Punjab,Mustard,5631.37
01-06-2023,Bihar,Cotton,6848.7
01-03-2026,Karnataka,Wheat,2474.31
01-09-2027,Rajasthan,Groundnut,6540.34
01-12-2020,Gujarat,Mustard,4765.24
01-06-2020,Punjab,Mustard,5031.79
01-02-2023,Bihar,Wheat,2275.61
01-01-2022,Haryana,Soybean,3780.3
01-09-2024,Uttar Pradesh,Soybean,3872.02
01-10-2023,Haryana,Rice,1901.33
01-09-2024,Maharashtra,Wheat,2185.55
01-04-2021,Rajasthan,Barley,1771.11
01-02-2021,Tamil Nadu,Groundnut,5932.06
01-09-2027,Uttar Pradesh,Cotton,7017.91
01-12-2028,Karnataka,Rice,2257.16
01-07-2028,Gujarat,Cotton,7405.68
01-08-2025,Uttar Pradesh,Pulses,5631.89
01-04-2021,Rajasthan,Sugarcane,324.64
01-01-2027,Punjab,Soybean,4276.03
01-11-2028,Karnataka,Mustard,5751.11
01-11-2022,Tamil Nadu,Pulses,5183.55
01-01-2021,Gujarat,Pulses,5202.54
01-12-2024,Haryana,Wheat,2264.35
01-01-2026,Punjab,Wheat,2348.73
01-05-2021,Karnataka,Wheat,2132.7
01-02-2025,Madhya Pradesh,Mustard,5728.77
01-05-2023,Tamil Nadu,Wheat,2300.06
01-01-2026,Madhya Pradesh,Pulses,5831.32
01-09-2021,Madhya Pradesh,Cotton,6091.43
01-06-2023,Punjab,Rice,2054.19
01-07-2021,Gujarat,Cotton,6194.11
01-06-2020,Karnataka,Sugarcane,309.58
01-06-2025,Karnataka,Rice,2169.8
01-09-2025,Gujarat,Sugarcane,334.8
01-08-2023,Tamil Nadu,Barley,1746.59
01-01-2024,Madhya Pradesh,Barley,1803.06
01-10-2025,Gujarat,Wheat,2271.08
01-03-2027,Uttar Pradesh,Barley,2064.2
01-01-2027,Bihar,Maize,1801.64
01-12-2022,Uttar Pradesh,Pulses,5234.47
01-09-2026,Bihar,Cotton,6851.79
01-01-2021,Tamil Nadu,Rice,1868.63
01-12-2026,Punjab,Soybean,4197.24
01-10-2022,Haryana,Mustard,4926.32
01-08-2022,Madhya Pradesh,Maize,1606.5
01-08-2024,Maharashtra,Cotton,6714.62
01-10-2023,Madhya Pradesh,Mustard,4998.41
01-07-2028,Maharashtra,Mustard,5907.09
01-02-2026,Karnataka,Sugarcane,369.89
01-12-2026,Uttar Pradesh,Barley,1873.6
01-01-2026,Uttar Pradesh,Mustard,5729.72
01-09-2020,Uttar Pradesh,Wheat,1937.56
01-03-2020,Gujarat,Groundnut,5707.18
01-06-2022,Haryana,Cotton,6663.59
01-12-2027,Punjab,Soybean,4302.51
01-01-2021,Madhya Pradesh,Wheat,2029.78
01-12-2022,Karnataka,Pulses,5397.76
01-01-2027,Tamil Nadu,Groundnut,6750.35
01-01-2025,Uttar Pradesh,Barley,1805.29
01-09-2024,Bihar,Sugarcane,324.51
01-11-2022,Rajasthan,Groundnut,5631.08
01-02-2021,Punjab,Cotton,6441.68
01-08-2028,Rajasthan,Maize,1840.97
01-08-2025,Karnataka,Maize,1681.2
01-10-2026,Rajasthan,Sugarcane,339.68
01-04-2026,Punjab,Pulses,6131.98
01-08-2025,Bihar,Groundnut,6205.46
01-07-2020,Uttar Pradesh,Cotton,6072.88
01-07-2027,Punjab,Sugarcane,373.78
01-12-2024,Gujarat,Cotton,6770.46
01-02-2022,Gujarat,Rice,1970.24
01-11-2027,Bihar,Wheat,2381.75
01-07-2024,Madhya Pradesh,Barley,1847.53
01-03-2025,Tamil Nadu,Wheat,2399.46
01-02-2024,Gujarat,Maize,1747.95
01-06-2027,Karnataka,Pulses,6374.53
01-07-2025,Haryana,Barley,1873.83
01-11-2021,Tamil Nadu,Groundnut,5610.14
01-04-2026,Bihar,Groundnut,6813.48
01-11-2026,Karnataka,Mustard,5520.28
01-11-2021,Gujarat,Mustard,4872.52
01-10-2024,Rajasthan,Groundnut,6066.38
01-06-2022,Bihar,Maize,1676.84
01-09-2028,Gujarat,Sugarcane,366.06
01-05-2021,Rajasthan,Pulses,5347.21
01-07-2021,Madhya Pradesh,Sugarcane,315.67
01-07-2021,Haryana,Mustard,5101.06
01-03-2024,Karnataka,Barley,1876.18
01-01-2028,Uttar Pradesh,Rice,2264.55
01-11-2026,Karnataka,Rice,2065.45
01-01-2023,Madhya Pradesh,Groundnut,6005.98
01-04-2026,Punjab,Cotton,7558.39
01-05-2027,Punjab,Barley,2054.62
01-01-2026,Maharashtra,Cotton,7082.67
01-08-2020,Punjab,Rice,1752.85
01-03-2027,Madhya Pradesh,Groundnut,6836.19
01-11-2027,Karnataka,Cotton,7167.83
01-12-2023,Tamil Nadu,Barley,1762.35
01-12-2023,Karnataka,Groundnut,5885.07
01-01-2023,Punjab,Cotton,6630.48
01-11-2028,Tamil Nadu,Mustard,5885.04
01-05-2021,Punjab,Pulses,5324.31
01-08-2025,Tamil Nadu,Soybean,3985.17
01-09-2028,Punjab,Wheat,2423.08
01-11-2025,Tamil Nadu,Mustard,5382.04
01-08-2026,Madhya Pradesh,Soybean,4005.57
01-10-2020,Haryana,Sugarcane,292.39
01-01-2023,Haryana,Wheat,2216.01
01-05-2024,Madhya Pradesh,Maize,1769.8
01-06-2024,Uttar Pradesh,Rice,2096.39
01-04-2023,Punjab,Cotton,6841.01
01-07-2024,Bihar,Maize,1707.47
01-11-2026,Madhya Pradesh,Soybean,3966.94
01-10-2026,Uttar Pradesh,Groundnut,6224.61
01-10-2024,Madhya Pradesh,Groundnut,6061.51
01-04-2025,Tamil Nadu,Wheat,2478.94
01-02-2027,Gujarat,Maize,1829.84
01-09-2023,Madhya Pradesh,Pulses,5307.51
01-02-2027,Bihar,Pulses,6305.77
01-03-2021,Uttar Pradesh,Cotton,6543.77
01-10-2020,Gujarat,Pulses,4770.57
01-12-2026,Bihar,Rice,2089.9
01-11-2028,Uttar Pradesh,Rice,2174.77
01-07-2023,Madhya Pradesh,Barley,1774.65
01-05-2028,Karnataka,Barley,2086.94
01-02-2020,Karnataka,Barley,1640.03
01-07-2023,Tamil Nadu,Groundnut,6092.06
01-12-2028,Gujarat,Mustard,5921.16
01-01-2024,Punjab,Soybean,3969.26
01-06-2027,Tamil Nadu,Barley,2006.12
01-11-2024,Haryana,Sugarcane,330.81
01-01-2028,Haryana,Sugarcane,378.78
01-03-2024,Maharashtra,Wheat,2373.38
01-02-2024,Gujarat,Wheat,2319.43
01-05-2026,Punjab,Soybean,4318.8
01-01-2028,Tamil Nadu,Pulses,6312.48
01-02-2028,Bihar,Cotton,7739.87
01-01-2020,Gujarat,Sugarcane,298.47
01-02-2025,Haryana,Wheat,2365.25
01-09-2020,Maharashtra,Pulses,4816.49
01-05-2023,Karnataka,Pulses,5654.84
01-12-2021,Gujarat,Rice,1833.98
01-06-2026,Tamil Nadu,Rice,2242.51
01-07-2022,Tamil Nadu,Sugarcane,321.28
01-05-2021,Maharashtra,Maize,1648.81
01-05-2023,Tamil Nadu,Cotton,6748.6
01-01-2021,Tamil Nadu,Barley,1650.29
01-09-2020,Bihar,Barley,1583.27
01-11-2025,Karnataka,Soybean,3929.03
01-09-2028,Rajasthan,Groundnut,6700.31
01-10-2025,Punjab,Wheat,2205.17
01-10-2025,Uttar Pradesh,Barley,1807.6
01-01-2025,Haryana,Maize,1691.03
01-08-2020,Haryana,Cotton,5893.46
01-08-2026,Maharashtra,Maize,1740.95
01-01-2022,Rajasthan,Maize,1590.83
01-05-2024,Maharashtra,Barley,1905.17
01-10-2023,Bihar,Mustard,4992.26
01-06-2021,Madhya Pradesh,Pulses,5444.84
01-01-2028,Rajasthan,Cotton,7308.19
01-01-2021,Punjab,Barley,1662.02
01-05-2022,Bihar,Sugarcane,336.04
01-04-2020,Punjab,Barley,1711.58
01-06-2020,Maharashtra,Cotton,6340.58
01-06-2024,Rajasthan,Pulses,5803.2
01-02-2023,Bihar,Cotton,6747.91
01-10-2026,Madhya Pradesh,Cotton,6741.4
01-01-2020,Bihar,Sugarcane,299.1
01-08-2027,Rajasthan,Pulses,6080.15
01-04-2022,Maharashtra,Maize,1680.79
01-10-2025,Uttar Pradesh,Soybean,3905.31
01-07-2021,Tamil Nadu,Soybean,3623.06
01-11-2020,Haryana,Sugarcane,290.25
01-03-2021,Karnataka,Groundnut,5844.67
01-03-2026,Tamil Nadu,Cotton,7282.55
01-07-2022,Madhya Pradesh,Maize,1643.17
01-09-2025,Gujarat,Soybean,3900.94
01-07-2026,Tamil Nadu,Groundnut,6553.27
01-02-2021,Uttar Pradesh,Wheat,2132.83
01-10-2027,Haryana,Maize,1729.37
01-01-2027,Karnataka,Rice,2180.18
01-08-2028,Uttar Pradesh,Pulses,6163.2
01-12-2025,Punjab,Rice,2085.9
01-10-2024,Bihar,Barley,1745.84
01-10-2024,Haryana,Rice,1948.1
01-04-2020,Rajasthan,Barley,1715.33
01-05-2021,Gujarat,Maize,1630.37
01-07-2025,Tamil Nadu,Cotton,6889.41
01-04-2028,Tamil Nadu,Pulses,6559.93
01-08-2027,Madhya Pradesh,Cotton,7146.58
01-01-2020,Karnataka,Pulses,5059.49
01-02-2026,Gujarat,Pulses,6143.59
01-08-2020,Karnataka,Mustard,4772.31
01-12-2025,Punjab,Soybean,4094.44
01-08-2020,Bihar,Barley,1610.08
01-02-2023,Punjab,Barley,1813.44
01-01-2027,Uttar Pradesh,Barley,1907.04
01-09-2021,Haryana,Cotton,6027.22
01-12-2021,Uttar Pradesh,Barley,1649.89
01-08-2024,Rajasthan,Groundnut,6136.09
01-02-2021,Bihar,Barley,1719.66
01-04-2027,Maharashtra,Sugarcane,385.54
01-12-2024,Rajasthan,Soybean,3992.2
01-03-2025,Madhya Pradesh,Barley,1924.44
01-09-2026,Rajasthan,Barley,1812.4
01-08-2021,Madhya Pradesh,Mustard,4854.5
01-02-2023,Uttar Pradesh,Maize,1669.06
01-11-2020,Punjab,Barley,1539.68
01-04-2022,Rajasthan,Barley,1818.29
01-01-2026,Karnataka,Wheat,2359.12
01-03-2023,Madhya Pradesh,Soybean,3921.16
01-07-2020,Haryana,Groundnut,5506.89
01-07-2026,Karnataka,Sugarcane,356.0
01-11-2023,Maharashtra,Mustard,5018.88
01-06-2020,Madhya Pradesh,Barley,1678.76
01-08-2021,Punjab,Cotton,6046.13
01-03-2025,Bihar,Groundnut,6569.2
01-11-2024,Haryana,Soybean,3849.46
01-05-2023,Uttar Pradesh,Mustard,5504.33
01-08-2021,Gujarat,Rice,1818.42
01-03-2024,Maharashtra,Barley,1902.32
01-04-2026,Punjab,Wheat,2444.44
01-12-2028,Uttar Pradesh,Maize,1825.25
01-02-2025,Punjab,Rice,2140.19
01-11-2021,Gujarat,Barley,1645.85
01-03-2028,Bihar,Groundnut,7255.0
01-06-2025,Haryana,Barley,1888.32
01-11-2021,Haryana,Sugarcane,298.12
01-09-2024,Uttar Pradesh,Rice,1971.86
01-02-2020,Karnataka,Mustard,5027.5
01-12-2021,Karnataka,Sugarcane,310.96
01-07-2025,Rajasthan,Sugarcane,345.27
01-11-2022,Rajasthan,Sugarcane,312.66
01-10-2020,Madhya Pradesh,Maize,1431.0
01-08-2026,Tamil Nadu,Mustard,5529.21
01-06-2023,Gujarat,Cotton,6829.57
01-04-2025,Karnataka,Cotton,7222.73
01-09-2022,Haryana,Soybean,3621.39
01-07-2025,Gujarat,Cotton,6933.69
01-06-2022,Gujarat,Pulses,5422.22
01-04-2022,Punjab,Barley,1818.26
01-09-2022,Rajasthan,Sugarcane,309.96
01-09-2028,Karnataka,Maize,1791.94
01-05-2025,Madhya Pradesh,Cotton,7129.87
01-02-2025,Karnataka,Soybean,4092.32
01-11-2020,Rajasthan,Wheat,1989.12
01-05-2026,Uttar Pradesh,Barley,2005.73
01-11-2022,Maharashtra,Barley,1682.52
01-03-2027,Karnataka,Soybean,4513.48
01-08-2027,Haryana,Sugarcane,353.95
01-12-2025,Punjab,Groundnut,6423.39
01-02-2024,Maharashtra,Maize,1756.61
01-04-2026,Madhya Pradesh,Wheat,2543.46
01-04-2020,Punjab,Soybean,3694.67
01-07-2026,Rajasthan,Barley,1896.64
01-02-2024,Karnataka,Rice,2062.1
01-07-2020,Punjab,Pulses,5163.56
01-04-2025,Gujarat,Pulses,6163.9
01-03-2022,Maharashtra,Rice,1967.27
01-11-2025,Tamil Nadu,Barley,1817.38
01-01-2024,Haryana,Rice,2019.43
01-09-2027,Madhya Pradesh,Maize,1789.01
01-04-2028,Punjab,Wheat,2594.76
01-10-2026,Karnataka,Pulses,5770.06
01-06-2026,Tamil Nadu,Maize,1802.5
01-07-2020,Uttar Pradesh,Wheat,2051.79
01-06-2025,Tamil Nadu,Rice,2115.41
01-06-2023,Rajasthan,Soybean,3876.67
01-10-2022,Haryana,Soybean,3595.69
01-09-2022,Uttar Pradesh,Groundnut,5592.98
01-09-2022,Madhya Pradesh,Sugarcane,311.76
01-01-2025,Gujarat,Rice,2090.21
01-07-2028,Uttar Pradesh,Rice,2268.3
01-11-2026,Punjab,Barley,1811.23
01-11-2028,Punjab,Maize,1789.09
01-08-2024,Maharashtra,Rice,2003.38
01-08-2027,Maharashtra,Mustard,5673.7
01-10-2021,Madhya Pradesh,Barley,1596.14
01-09-2025,Rajasthan,Mustard,5377.94
01-05-2024,Madhya Pradesh,Rice,2159.86
01-02-2020,Punjab,Cotton,6179.98
01-10-2028,Tamil Nadu,Barley,1882.64
01-01-2026,Rajasthan,Pulses,5825.22
01-05-2022,Uttar Pradesh,Cotton,6594.86
01-04-2028,Gujarat,Soybean,4554.12
01-04-2024,Madhya Pradesh,Pulses,5813.34
01-01-2025,Madhya Pradesh,Wheat,2298.61
01-08-2027,Gujarat,Soybean,4220.49
01-05-2021,Maharashtra,Sugarcane,321.03
01-09-2024,Gujarat,Rice,1945.61
01-05-2022,Gujarat,Barley,1812.92
01-06-2024,Bihar,Groundnut,6366.48
01-11-2024,Punjab,Maize,1653.35
01-03-2024,Tamil Nadu,Cotton,7107.98
01-08-2025,Uttar Pradesh,Mustard,5363.43
01-01-2025,Tamil Nadu,Cotton,6984.87
01-03-2025,Karnataka,Mustard,5896.55
01-01-2022,Gujarat,Mustard,5186.8
01-02-2021,Gujarat,Sugarcane,317.19
01-05-2024,Karnataka,Rice,2145.92
01-04-2021,Haryana,Groundnut,6052.97
01-01-2023,Punjab,Rice,1951.47
01-09-2021,Karnataka,Sugarcane,305.14
01-07-2022,Tamil Nadu,Pulses,5433.92
01-03-2021,Tamil Nadu,Mustard,5277.43
01-07-2024,Gujarat,Groundnut,6141.01
01-12-2027,Maharashtra,Maize,1794.99
01-05-2021,Tamil Nadu,Wheat,2161.61
01-09-2026,Punjab,Mustard,5518.87
01-05-2021,Karnataka,Maize,1598.71
01-07-2021,Madhya Pradesh,Groundnut,5761.88
01-06-2027,Gujarat,Rice,2235.49
01-12-2020,Haryana,Maize,1498.39
01-08-2028,Punjab,Rice,2186.01
01-06-2024,Maharashtra,Rice,2111.93
01-05-2028,Rajasthan,Pulses,6514.92
01-08-2027,Tamil Nadu,Pulses,5937.28
01-12-2022,Maharashtra,Cotton,6416.17
01-11-2027,Maharashtra,Maize,1771.58
01-08-2023,Maharashtra,Soybean,3813.38
01-12-2024,Madhya Pradesh,Cotton,6601.45
01-01-2028,Tamil Nadu,Mustard,6066.18
01-10-2021,Tamil Nadu,Maize,1485.78
01-09-2023,Gujarat,Maize,1610.63
01-12-2023,Gujarat,Pulses,5465.38
01-12-2027,Karnataka,Mustard,5906.7
01-10-2026,Bihar,Soybean,4034.12
01-12-2023,Bihar,Soybean,3809.59
01-10-2023,Madhya Pradesh,Soybean,3702.4
01-12-2022,Karnataka,Soybean,3670.4
01-02-2026,Punjab,Sugarcane,361.13
01-04-2028,Haryana,Rice,2392.27
01-03-2025,Haryana,Sugarcane,357.73
01-05-2023,Haryana,Sugarcane,343.33
01-04-2025,Bihar,Rice,2161.71
01-11-2024,Haryana,Mustard,5309.52
01-02-2022,Karnataka,Barley,1760.61
01-03-2020,Uttar Pradesh,Pulses,5164.26
01-01-2027,Karnataka,Mustard,5713.65
01-08-2028,Rajasthan,Rice,2202.5
01-06-2021,Punjab,Maize,1590.25
01-04-2028,Haryana,Soybean,4507.33
01-06-2021,Uttar Pradesh,Barley,1698.35
01-09-2023,Rajasthan,Barley,1708.55
01-10-2021,Maharashtra,Pulses,5004.44
01-09-2022,Gujarat,Mustard,4861.76
01-11-2020,Madhya Pradesh,Sugarcane,293.25
01-09-2021,Maharashtra,Mustard,4739.22
01-05-2028,Madhya Pradesh,Rice,2351.57
01-08-2027,Karnataka,Groundnut,6584.89
01-12-2025,Maharashtra,Sugarcane,345.86
01-12-2027,Punjab,Cotton,7147.09
01-11-2020,Bihar,Cotton,5969.55
01-06-2026,Haryana,Pulses,6121.36
01-06-2022,Gujarat,Mustard,5205.73
01-03-2026,Gujarat,Mustard,5933.89
01-03-2027,Maharashtra,Wheat,2565.51
01-09-2026,Maharashtra,Groundnut,6227.38
01-05-2028,Maharashtra,Soybean,4489.46
01-04-2028,Rajasthan,Soybean,4584.15
01-04-2025,Tamil Nadu,Soybean,4175.23
01-09-2020,Tamil Nadu,Maize,1459.19
01-03-2022,Maharashtra,Barley,1786.15
01-09-2020,Uttar Pradesh,Pulses,4900.48
01-03-2020,Tamil Nadu,Barley,1664.36
01-03-2022,Madhya Pradesh,Maize,1646.65
01-04-2022,Tamil Nadu,Barley,1764.86
01-06-2026,Haryana,Wheat,2407.66
01-04-2021,Maharashtra,Rice,1982.03
01-06-2026,Maharashtra,Mustard,5770.87
01-01-2023,Bihar,Rice,1925.88
01-02-2027,Rajasthan,Wheat,2460.0
01-02-2027,Karnataka,Pulses,6265.71
01-05-2021,Maharashtra,Pulses,5461.04
01-06-2020,Uttar Pradesh,Sugarcane,317.46
01-12-2021,Maharashtra,Wheat,2089.15
01-02-2025,Maharashtra,Groundnut,6574.78
01-01-2028,Bihar,Cotton,7312.81
01-10-2023,Karnataka,Pulses,5330.18
01-12-2025,Gujarat,Barley,1836.08
01-12-2020,Haryana,Rice,1805.92
01-10-2028,Maharashtra,Rice,2128.34
01-08-2027,Bihar,Wheat,2355.06
01-11-2024,Karnataka,Mustard,5346.83
01-11-2025,Gujarat,Barley,1816.32
01-01-2025,Tamil Nadu,Soybean,3966.21
01-04-2026,Bihar,Pulses,6302.04
01-06-2021,Tamil Nadu,Rice,1946.46
01-10-2026,Bihar,Sugarcane,345.71
01-02-2025,Gujarat,Mustard,5734.18
01-09-2028,Gujarat,Groundnut,6759.28
01-05-2023,Tamil Nadu,Mustard,5516.77
01-02-2021,Tamil Nadu,Pulses,5282.72
01-09-2021,Madhya Pradesh,Pulses,4982.93
01-03-2028,Punjab,Groundnut,7004.11
01-05-2025,Karnataka,Maize,1842.36
01-05-2028,Punjab,Maize,1986.17
01-05-2028,Punjab,Cotton,7830.3
01-07-2024,Gujarat,Maize,1689.74
01-02-2028,Haryana,Wheat,2544.56
01-10-2021,Rajasthan,Sugarcane,302.01
01-07-2026,Madhya Pradesh,Pulses,5962.41
01-03-2028,Maharashtra,Soybean,4626.17
01-12-2020,Madhya Pradesh,Soybean,3515.84
01-04-2028,Gujarat,Sugarcane,397.27
01-01-2023,Tamil Nadu,Mustard,5329.42
01-08-2021,Rajasthan,Rice,1837.37
01-05-2024,Rajasthan,Pulses,5935.06
01-07-2023,Tamil Nadu,Barley,1788.14
01-10-2027,Bihar,Soybean,4092.05
01-05-2023,Karnataka,Groundnut,6402.09
01-10-2028,Haryana,Pulses,6051.59
01-12-2028,Uttar Pradesh,Pulses,6233.79
01-09-2025,Madhya Pradesh,Mustard,5416.24
01-11-2025,Haryana,Mustard,5382.24
01-06-2021,Bihar,Pulses,5419.41
01-05-2023,Karnataka,Rice,2030.4
01-05-2027,Karnataka,Sugarcane,383.06
01-07-2025,Rajasthan,Soybean,4025.2
01-06-2022,Haryana,Mustard,5359.67
01-10-2028,Rajasthan,Sugarcane,353.33
01-11-2022,Gujarat,Mustard,4971.21
01-08-2026,Karnataka,Maize,1761.87
01-09-2025,Bihar,Maize,1687.8
01-03-2023,Karnataka,Groundnut,6242.96
01-01-2022,Bihar,Cotton,6381.35
01-12-2022,Punjab,Barley,1674.19
01-12-2025,Punjab,Sugarcane,343.98
01-11-2024,Gujarat,Groundnut,5916.66
01-04-2025,Madhya Pradesh,Cotton,7240.49
01-12-2020,Tamil Nadu,Barley,1578.03
01-04-2025,Maharashtra,Pulses,6076.82
01-03-2023,Madhya Pradesh,Sugarcane,337.96
01-08-2021,Gujarat,Soybean,3628.1
01-08-2026,Madhya Pradesh,Rice,2063.67
01-12-2024,Maharashtra,Groundnut,6211.86
01-10-2028,Karnataka,Barley,1952.69
01-06-2026,Punjab,Rice,2158.46
01-08-2028,Madhya Pradesh,Mustard,5795.25
01-07-2024,Tamil Nadu,Soybean,3974.9
01-09-2023,Rajasthan,Wheat,2151.78
01-12-2020,Uttar Pradesh,Cotton,5988.83
01-11-2026,Rajasthan,Barley,1856.6
01-11-2020,Karnataka,Wheat,1944.31
01-07-2021,Rajasthan,Maize,1555.38
01-11-2027,Madhya Pradesh,Wheat,2377.36
01-08-2025,Bihar,Soybean,3961.16
01-10-2024,Tamil Nadu,Mustard,5212.12
01-02-2026,Rajasthan,Soybean,4205.08
01-06-2020,Haryana,Maize,1559.53
01-01-2020,Haryana,Barley,1569.98
01-01-2026,Rajasthan,Mustard,5740.0
01-01-2020,Madhya Pradesh,Groundnut,5595.05
01-03-2020,Rajasthan,Maize,1553.42
01-05-2025,Haryana,Maize,1810.75
01-11-2024,Maharashtra,Wheat,2191.19
01-07-2022,Maharashtra,Sugarcane,328.67
01-01-2023,Madhya Pradesh,Maize,1637.48
01-04-2027,Punjab,Groundnut,7143.73
01-07-2020,Uttar Pradesh,Pulses,5167.96
01-05-2028,Haryana,Mustard,6341.53
01-06-2024,Punjab,Sugarcane,342.93
01-03-2022,Gujarat,Maize,1680.51
01-10-2023,Tamil Nadu,Barley,1672.36
01-12-2025,Madhya Pradesh,Groundnut,6194.95
01-04-2027,Punjab,Wheat,2517.64
01-10-2026,Madhya Pradesh,Mustard,5488.84
01-01-2026,Bihar,Maize,1796.95
01-08-2022,Tamil Nadu,Wheat,2121.12
01-04-2024,Karnataka,Barley,1871.89
01-07-2022,Bihar,Mustard,5084.06
01-01-2023,Uttar Pradesh,Soybean,3792.69
01-06-2021,Karnataka,Wheat,2171.1
01-08-2021,Gujarat,Maize,1547.33
01-08-2020,Maharashtra,Groundnut,5495.36
01-09-2023,Rajasthan,Rice,1920.17
01-08-2025,Uttar Pradesh,Rice,2027.07
01-04-2028,Punjab,Barley,2060.99
01-08-2026,Tamil Nadu,Cotton,6940.5
01-08-2023,Rajasthan,Cotton,6479.36
01-04-2028,Karnataka,Pulses,6478.38
01-04-2023,Gujarat,Pulses,5683.74
01-05-2027,Madhya Pradesh,Sugarcane,378.14
01-01-2027,Punjab,Maize,1800.28
01-08-2022,Madhya Pradesh,Sugarcane,309.27
01-03-2025,Haryana,Wheat,2391.72
01-05-2021,Bihar,Maize,1620.16
01-06-2023,Haryana,Mustard,5433.41
01-08-2020,Karnataka,Barley,1563.29
01-11-2028,Madhya Pradesh,Mustard,5924.37
01-06-2026,Gujarat,Soybean,4352.86
01-06-2024,Bihar,Cotton,7099.04
01-11-2020,Uttar Pradesh,Cotton,5870.98
01-01-2023,Bihar,Wheat,2197.88
01-05-2028,Karnataka,Pulses,6621.61
01-07-2022,Maharashtra,Groundnut,5853.26
01-10-2025,Karnataka,Rice,1966.06
01-08-2021,Karnataka,Pulses,5133.76
01-03-2021,Tamil Nadu,Maize,1627.21
01-06-2022,Gujarat,Sugarcane,326.64
01-12-2023,Maharashtra,Maize,1663.55
01-01-2022,Madhya Pradesh,Rice,1875.43
01-09-2025,Karnataka,Rice,1982.0
01-11-2021,Tamil Nadu,Soybean,3470.77
01-07-2020,Madhya Pradesh,Wheat,2031.97
01-10-2022,Uttar Pradesh,Groundnut,5628.59
01-05-2026,Haryana,Barley,2017.46
01-10-2026,Karnataka,Cotton,6781.85
01-06-2024,Tamil Nadu,Rice,2056.76
01-05-2024,Rajasthan,Rice,2103.68
01-11-2022,Uttar Pradesh,Sugarcane,317.14
01-07-2023,Maharashtra,Cotton,6588.31
01-05-2020,Haryana,Groundnut,5869.41
01-06-2022,Maharashtra,Groundnut,6044.45
01-10-2027,Haryana,Cotton,6886.68
01-02-2020,Punjab,Mustard,5004.57
01-05-2024,Maharashtra,Rice,2099.96
01-12-2020,Bihar,Soybean,3501.83
01-11-2025,Rajasthan,Pulses,5571.53
01-08-2023,Haryana,Wheat,2142.62
01-08-2023,Madhya Pradesh,Barley,1739.08
01-06-2022,Uttar Pradesh,Pulses,5492.45
01-12-2028,Rajasthan,Pulses,6072.29
01-08-2022,Rajasthan,Pulses,5248.83
01-02-2025,Karnataka,Wheat,2327.73
01-05-2026,Madhya Pradesh,Rice,2215.93
01-11-2026,Maharashtra,Maize,1758.81
01-05-2024,Uttar Pradesh,Wheat,2344.93
01-10-2024,Haryana,Mustard,5198.47
01-05-2023,Karnataka,Barley,1839.48
01-03-2027,Karnataka,Pulses,6266.16
01-09-2020,Uttar Pradesh,Sugarcane,294.25
01-10-2025,Karnataka,Wheat,2248.53
01-11-2022,Gujarat,Maize,1584.9
01-06-2027,Karnataka,Groundnut,6933.25
01-01-2021,Gujarat,Maize,1548.42
01-03-2025,Bihar,Rice,2202.23
01-05-2025,Uttar Pradesh,Rice,2181.22
01-02-2023,Gujarat,Sugarcane,338.59
01-04-2022,Gujarat,Rice,2048.19
01-12-2024,Karnataka,Groundnut,6222.78
01-05-2027,Madhya Pradesh,Groundnut,7085.58
01-09-2027,Uttar Pradesh,Pulses,5791.37
01-02-2027,Gujarat,Pulses,6132.59
01-02-2025,Punjab,Mustard,5634.15
01-02-2025,Bihar,Groundnut,6406.44
01-05-2023,Bihar,Maize,1697.81
01-03-2025,Gujarat,Wheat,2432.02
01-02-2022,Gujarat,Sugarcane,323.18
01-03-2021,Haryana,Soybean,3831.85
01-10-2023,Punjab,Pulses,5244.08
01-09-2023,Madhya Pradesh,Maize,1597.98
01-03-2027,Madhya Pradesh,Barley,1990.04
01-04-2021,Haryana,Maize,1650.4
01-09-2021,Tamil Nadu,Sugarcane,300.64
01-06-2022,Haryana,Pulses,5600.83
01-12-2026,Madhya Pradesh,Mustard,5674.29
01-04-2025,Maharashtra,Barley,1970.4
01-10-2021,Madhya Pradesh,Maize,1493.2
01-08-2025,Maharashtra,Wheat,2303.37
01-04-2020,Maharashtra,Maize,1595.61
01-06-2024,Gujarat,Cotton,7074.83
01-02-2026,Maharashtra,Cotton,7358.96
01-12-2028,Karnataka,Maize,1839.97
01-02-2022,Gujarat,Mustard,5126.49
01-12-2024,Haryana,Mustard,5273.26
01-01-2020,Punjab,Mustard,4811.2
01-04-2020,Gujarat,Barley,1675.57
01-08-2022,Tamil Nadu,Rice,1878.43
01-07-2021,Gujarat,Sugarcane,309.43
01-11-2022,Karnataka,Mustard,5070.63
01-06-2024,Punjab,Mustard,5593.55
01-07-2024,Uttar Pradesh,Maize,1727.67
01-08-2020,Haryana,Rice,1750.23
01-08-2027,Tamil Nadu,Wheat,2350.82
01-01-2026,Maharashtra,Barley,1857.64
01-07-2024,Madhya Pradesh,Pulses,5773.19
01-11-2026,Uttar Pradesh,Sugarcane,347.83
01-08-2025,Rajasthan,Cotton,6693.67
01-05-2026,Bihar,Soybean,4365.83
01-11-2023,Uttar Pradesh,Wheat,2109.61
01-09-2024,Rajasthan,Groundnut,5950.88
01-06-2025,Bihar,Pulses,5989.59
01-12-2024,Tamil Nadu,Pulses,5618.43
01-06-2020,Karnataka,Mustard,5075.11
01-02-2022,Maharashtra,Sugarcane,331.24
01-11-2028,Madhya Pradesh,Cotton,7219.42
01-09-2022,Karnataka,Rice,1871.74
01-03-2023,Maharashtra,Soybean,3977.9
01-05-2025,Rajasthan,Cotton,7147.14
01-03-2025,Rajasthan,Barley,1957.28
01-02-2022,Maharashtra,Pulses,5364.15
01-12-2021,Karnataka,Rice,1854.39
01-12-2028,Madhya Pradesh,Groundnut,6827.72
01-09-2024,Rajasthan,Barley,1777.59
01-10-2026,Rajasthan,Soybean,3967.63
01-12-2028,Tamil Nadu,Maize,1885.33
01-12-2023,Gujarat,Mustard,5323.24
01-08-2022,Haryana,Rice,1919.64
01-07-2024,Gujarat,Pulses,5628.39
01-11-2023,Gujarat,Pulses,5336.98
01-01-2025,Uttar Pradesh,Groundnut,6435.8
01-12-2026,Uttar Pradesh,Mustard,5646.52
01-08-2027,Gujarat,Maize,1789.6
01-09-2022,Madhya Pradesh,Cotton,6113.35
01-10-2026,Bihar,Groundnut,6350.85
01-12-2024,Tamil Nadu,Cotton,6833.61
01-06-2024,Uttar Pradesh,Barley,1840.19
01-07-2027,Tamil Nadu,Maize,1869.98
01-04-2025,Uttar Pradesh,Barley,1935.89
01-07-2026,Maharashtra,Mustard,5664.6
01-08-2023,Karnataka,Sugarcane,326.43
01-07-2028,Tamil Nadu,Mustard,5967.46
01-10-2022,Bihar,Wheat,2049.91
01-11-2026,Madhya Pradesh,Groundnut,6402.97
01-07-2023,Punjab,Mustard,5376.44
01-02-2021,Punjab,Groundnut,5813.2
01-02-2024,Bihar,Maize,1696.21
01-11-2027,Gujarat,Wheat,2351.96
01-03-2020,Bihar,Pulses,5198.32
01-10-2021,Punjab,Pulses,4912.37
01-04-2022,Gujarat,Cotton,6667.37
01-04-2020,Uttar Pradesh,Soybean,3643.41
01-04-2021,Tamil Nadu,Pulses,5376.51
01-06-2025,Gujarat,Maize,1806.66
01-11-2022,Tamil Nadu,Sugarcane,313.48
01-09-2025,Gujarat,Groundnut,6249.55
01-11-2027,Tamil Nadu,Barley,1869.21
01-04-2028,Punjab,Mustard,6308.43
01-11-2028,Bihar,Mustard,5880.52
01-09-2025,Haryana,Rice,2028.41
01-12-2024,Rajasthan,Maize,1688.11
01-03-2026,Karnataka,Maize,1875.45
01-05-2027,Haryana,Soybean,4429.61
01-03-2027,Uttar Pradesh,Groundnut,6893.04
01-03-2023,Tamil Nadu,Wheat,2303.33
01-08-2026,Bihar,Barley,1904.63
01-08-2027,Punjab,Barley,1924.06
01-06-2021,Gujarat,Rice,1944.71
01-07-2021,Karnataka,Rice,1855.64
01-11-2024,Karnataka,Wheat,2187.05
01-04-2024,Gujarat,Mustard,5739.74
01-07-2022,Tamil Nadu,Mustard,5116.6
01-08-2024,Bihar,Wheat,2229.53
01-08-2022,Haryana,Barley,1696.08
01-11-2028,Gujarat,Pulses,6059.65
01-03-2025,Tamil Nadu,Mustard,5792.32
01-01-2027,Haryana,Wheat,2434.8
01-01-2022,Rajasthan,Sugarcane,321.75
01-12-2023,Bihar,Maize,1632.77
01-12-2027,Rajasthan,Barley,1897.44
01-01-2020,Karnataka,Cotton,6066.56
01-05-2025,Gujarat,Groundnut,6648.49
01-12-2026,Rajasthan,Sugarcane,357.46
01-04-2025,Madhya Pradesh,Sugarcane,357.89
01-06-2023,Madhya Pradesh,Wheat,2258.38
01-12-2028,Tamil Nadu,Wheat,2489.5
01-04-2024,Gujarat,Groundnut,6433.97
01-07-2025,Maharashtra,Wheat,2298.06
01-05-2022,Bihar,Pulses,5497.1
01-10-2023,Tamil Nadu,Groundnut,5757.49
01-04-2025,Rajasthan,Barley,1923.95
01-10-2021,Rajasthan,Rice,1768.68
01-10-2024,Bihar,Pulses,5364.01
01-10-2026,Bihar,Barley,1823.67
01-07-2028,Haryana,Soybean,4377.08
01-06-2027,Bihar,Pulses,6250.55
01-11-2021,Bihar,Wheat,1992.11
01-02-2021,Uttar Pradesh,Groundnut,5859.14
01-10-2025,Tamil Nadu,Soybean,3963.97
01-08-2020,Punjab,Maize,1480.71
01-05-2022,Punjab,Sugarcane,340.27
01-02-2026,Karnataka,Pulses,6029.8
01-02-2020,Uttar Pradesh,Sugarcane,303.95
01-03-2026,Gujarat,Soybean,4361.36
01-07-2024,Uttar Pradesh,Mustard,5359.2
01-11-2022,Tamil Nadu,Wheat,2087.16
01-01-2024,Punjab,Cotton,6628.1
01-10-2023,Haryana,Maize,1574.99
01-01-2027,Punjab,Sugarcane,367.84
01-01-2022,Uttar Pradesh,Cotton,6348.01
01-03-2027,Rajasthan,Barley,2018.06
01-11-2028,Bihar,Sugarcane,359.87
01-05-2024,Gujarat,Groundnut,6553.56
01-07-2027,Rajasthan,Wheat,2476.15
01-06-2028,Rajasthan,Rice,2303.16
01-06-2021,Haryana,Cotton,6385.71
01-05-2023,Maharashtra,Barley,1827.5
01-05-2027,Tamil Nadu,Maize,1927.14
01-10-2023,Maharashtra,Pulses,5384.54
01-02-2024,Uttar Pradesh,Rice,2073.23
01-01-2026,Punjab,Groundnut,6550.41
01-10-2027,Rajasthan,Sugarcane,352.4
01-04-2023,Maharashtra,Wheat,2263.82
01-04-2024,Madhya Pradesh,Maize,1744.29
01-09-2020,Karnataka,Wheat,1924.89
01-07-2027,Haryana,Maize,1835.36
01-10-2023,Uttar Pradesh,Sugarcane,313.97
01-07-2027,Haryana,Rice,2187.53
01-02-2024,Punjab,Pulses,5792.79
01-09-2023,Madhya Pradesh,Soybean,3733.81
01-03-2026,Madhya Pradesh,Soybean,4368.03
01-07-2023,Punjab,Sugarcane,331.41
01-05-2026,Gujarat,Rice,2266.25
01-05-2026,Tamil Nadu,Wheat,2448.44
01-02-2021,Gujarat,Mustard,5121.34
01-04-2027,Tamil Nadu,Sugarcane,384.79
01-08-2020,Rajasthan,Barley,1611.98
01-05-2024,Haryana,Mustard,5556.86
01-04-2023,Uttar Pradesh,Pulses,5653.56
01-01-2020,Uttar Pradesh,Mustard,4878.96
01-10-2021,Karnataka,Sugarcane,303.91
01-03-2025,Gujarat,Mustard,5691.65
01-07-2020,Bihar,Mustard,4945.68
01-09-2024,Maharashtra,Barley,1756.52
01-08-2028,Gujarat,Wheat,2441.71
01-08-2028,Rajasthan,Sugarcane,367.28
01-06-2022,Karnataka,Groundnut,6123.67
01-01-2020,Madhya Pradesh,Pulses,4947.97
01-04-2021,Gujarat,Rice,1991.0
01-06-2020,Rajasthan,Sugarcane,316.12
01-11-2025,Bihar,Barley,1794.16
01-12-2022,Madhya Pradesh,Soybean,3670.74
01-11-2021,Maharashtra,Soybean,3545.97
01-06-2028,Madhya Pradesh,Groundnut,6983.35
01-10-2022,Madhya Pradesh,Sugarcane,314.19
01-08-2028,Gujarat,Pulses,6027.3
01-07-2020,Gujarat,Barley,1634.52
01-12-2028,Madhya Pradesh,Barley,1943.19
01-06-2024,Maharashtra,Groundnut,6289.91
01-08-2026,Maharashtra,Wheat,2322.42
01-05-2024,Karnataka,Cotton,6966.4
01-03-2021,Uttar Pradesh,Wheat,2120.0
01-02-2026,Bihar,Pulses,6030.09
01-06-2028,Karnataka,Wheat,2566.02
01-04-2028,Madhya Pradesh,Barley,2104.69
01-07-2028,Uttar Pradesh,Pulses,6311.16
01-07-2025,Uttar Pradesh,Wheat,2368.7
01-02-2020,Rajasthan,Pulses,5083.3
01-10-2027,Haryana,Groundnut,6401.1
01-08-2021,Bihar,Cotton,6210.53
01-05-2020,Karnataka,Rice,1908.58
01-12-2024,Punjab,Mustard,5329.79
01-03-2020,Tamil Nadu,Sugarcane,317.69
01-05-2028,Madhya Pradesh,Mustard,6166.98
01-02-2028,Bihar,Soybean,4389.93
01-06-2024,Haryana,Wheat,2289.11
01-08-2022,Bihar,Maize,1594.65
01-03-2027,Madhya Pradesh,Cotton,7704.1
01-07-2023,Tamil Nadu,Sugarcane,336.54
01-12-2022,Punjab,Cotton,6388.09
01-06-2024,Uttar Pradesh,Sugarcane,342.09
01-04-2024,Haryana,Rice,2166.6
01-08-2028,Uttar Pradesh,Soybean,4263.1
01-12-2024,Tamil Nadu,Barley,1781.58
01-08-2028,Tamil Nadu,Groundnut,6623.44
01-06-2024,Maharashtra,Maize,1771.79
01-02-2028,Rajasthan,Wheat,2582.92
01-11-2027,Karnataka,Wheat,2341.94
01-04-2020,Rajasthan,Groundnut,5771.91
01-06-2027,Uttar Pradesh,Sugarcane,375.51
01-05-2020,Haryana,Mustard,5040.19
01-04-2023,Uttar Pradesh,Groundnut,6246.5
01-09-2021,Madhya Pradesh,Wheat,1976.42
01-11-2025,Haryana,Pulses,5553.53
01-07-2021,Bihar,Barley,1649.71
01-06-2028,Rajasthan,Sugarcane,387.01
01-08-2022,Bihar,Wheat,2116.15
01-02-2020,Gujarat,Groundnut,5597.02
01-09-2027,Gujarat,Mustard,5617.01
01-03-2021,Tamil Nadu,Wheat,2144.08
01-12-2024,Maharashtra,Maize,1700.26
01-04-2022,Bihar,Rice,2053.83
01-07-2022,Gujarat,Groundnut,5804.9
01-02-2020,Rajasthan,Rice,1852.81
01-03-2025,Maharashtra,Barley,1963.82
01-01-2022,Maharashtra,Pulses,5203.43
01-04-2020,Maharashtra,Rice,1912.89
01-01-2022,Punjab,Maize,1585.08
01-01-2024,Bihar,Barley,1777.47
01-07-2025,Bihar,Maize,1745.61
01-03-2025,Karnataka,Soybean,4177.67
01-02-2028,Uttar Pradesh,Mustard,6023.65
01-01-2028,Tamil Nadu,Barley,1961.09
01-01-2026,Karnataka,Sugarcane,354.55
01-12-2020,Punjab,Mustard,4855.27
01-10-2025,Tamil Nadu,Cotton,6714.42
01-07-2027,Rajasthan,Cotton,7303.48
01-02-2020,Punjab,Wheat,2050.01
01-05-2021,Gujarat,Groundnut,6071.32
01-06-2024,Tamil Nadu,Barley,1869.62
01-10-2028,Haryana,Rice,2159.8
01-10-2028,Rajasthan,Cotton,7200.31
01-09-2024,Punjab,Soybean,3841.74
01-08-2022,Gujarat,Mustard,4978.46
01-11-2028,Tamil Nadu,Cotton,7299.74
01-09-2027,Karnataka,Soybean,4134.13
01-05-2022,Gujarat,Sugarcane,331.69
01-12-2020,Haryana,Wheat,1980.54
01-05-2028,Gujarat,Sugarcane,384.1
01-12-2023,Bihar,Wheat,2142.89
01-09-2022,Karnataka,Pulses,5191.0
01-05-2025,Uttar Pradesh,Sugarcane,361.24
01-08-2021,Bihar,Soybean,3628.12
01-05-2024,Tamil Nadu,Cotton,7011.38
01-11-2025,Tamil Nadu,Sugarcane,340.83
01-03-2028,Uttar Pradesh,Mustard,6349.39
01-07-2025,Karnataka,Soybean,4157.53
01-11-2024,Karnataka,Cotton,6695.96
01-05-2020,Karnataka,Maize,1552.29
01-07-2026,Punjab,Barley,1878.61
01-12-2025,Maharashtra,Barley,1840.14
01-06-2028,Karnataka,Maize,1925.21
01-09-2025,Bihar,Wheat,2280.2
01-06-2022,Uttar Pradesh,Mustard,5307.93
01-07-2023,Madhya Pradesh,Sugarcane,326.9
01-03-2027,Maharashtra,Sugarcane,375.79
01-11-2027,Haryana,Wheat,2356.43
01-12-2023,Karnataka,Soybean,3774.26
01-02-2020,Madhya Pradesh,Soybean,3530.14
01-04-2022,Uttar Pradesh,Soybean,3844.99
01-09-2027,Karnataka,Rice,2108.84
01-05-2024,Gujarat,Wheat,2354.38
01-06-2022,Uttar Pradesh,Groundnut,6041.46
01-06-2020,Bihar,Soybean,3573.8
01-08-2020,Tamil Nadu,Pulses,4906.02
01-02-2020,Haryana,Sugarcane,309.62
01-12-2026,Madhya Pradesh,Rice,2129.18
01-05-2026,Haryana,Wheat,2481.15
01-07-2026,Bihar,Sugarcane,365.23
01-01-2021,Tamil Nadu,Sugarcane,312.9
01-03-2024,Madhya Pradesh,Rice,2148.1
01-06-2023,Madhya Pradesh,Maize,1715.64
01-05-2021,Gujarat,Wheat,2155.85
01-05-2028,Punjab,Rice,2375.44
01-02-2025,Maharashtra,Sugarcane,360.31
01-09-2026,Punjab,Sugarcane,345.83
01-03-2028,Rajasthan,Cotton,7745.43
01-05-2028,Tamil Nadu,Maize,1919.29
01-02-2021,Maharashtra,Soybean,3698.79
01-05-2027,Gujarat,Soybean,4484.51
01-08-2028,Maharashtra,Maize,1846.38
01-09-2026,Tamil Nadu,Rice,2090.7
01-02-2025,Madhya Pradesh,Rice,2110.11
01-11-2023,Haryana,Mustard,5102.01
01-08-2020,Tamil Nadu,Maize,1514.09
01-03-2022,Uttar Pradesh,Maize,1693.58
01-07-2022,Karnataka,Rice,1959.36
01-01-2027,Haryana,Soybean,4277.4
01-01-2024,Gujarat,Soybean,3887.69
01-12-2027,Tamil Nadu,Rice,2195.84
01-06-2026,Uttar Pradesh,Wheat,2470.71
01-12-2020,Tamil Nadu,Rice,1839.2
01-10-2021,Maharashtra,Soybean,3472.47
01-01-2023,Rajasthan,Rice,1980.52
01-03-2024,Haryana,Soybean,4040.26
01-09-2021,Maharashtra,Sugarcane,307.06
01-10-2022,Madhya Pradesh,Rice,1841.67
01-04-2020,Madhya Pradesh,Wheat,2074.91
01-12-2025,Haryana,Wheat,2280.43
01-10-2025,Haryana,Sugarcane,334.9
01-04-2021,Madhya Pradesh,Wheat,2197.5
01-04-2027,Uttar Pradesh,Maize,1901.68
01-09-2024,Bihar,Maize,1613.54
01-01-2021,Rajasthan,Pulses,5174.62
01-06-2023,Tamil Nadu,Wheat,2257.63
01-02-2023,Tamil Nadu,Groundnut,6158.46
01-08-2023,Maharashtra,Maize,1600.87
01-01-2028,Rajasthan,Groundnut,6947.98
01-02-2021,Madhya Pradesh,Pulses,5233.26
01-02-2022,Uttar Pradesh,Rice,1957.91
01-11-2028,Madhya Pradesh,Sugarcane,356.21
01-01-2027,Tamil Nadu,Pulses,6085.81
01-09-2027,Haryana,Groundnut,6475.21
01-01-2028,Gujarat,Pulses,6257.26
01-12-2025,Maharashtra,Groundnut,6439.27
01-02-2028,Punjab,Pulses,6337.1
01-11-2022,Gujarat,Sugarcane,307.67
01-09-2021,Karnataka,Maize,1498.66
01-05-2021,Maharashtra,Wheat,2137.06
01-06-2023,Madhya Pradesh,Soybean,3917.56
01-06-2027,Gujarat,Groundnut,6840.54
01-03-2023,Bihar,Sugarcane,339.0
01-08-2027,Gujarat,Barley,1890.68
01-09-2020,Karnataka,Pulses,4880.17
01-04-2021,Karnataka,Groundnut,5968.67
01-06-2028,Karnataka,Rice,2298.29
01-10-2026,Maharashtra,Maize,1737.93
01-05-2026,Uttar Pradesh,Mustard,5846.84
01-12-2021,Uttar Pradesh,Soybean,3553.31
01-12-2028,Karnataka,Sugarcane,369.58
01-02-2026,Maharashtra,Soybean,4191.64
01-07-2027,Haryana,Mustard,5897.89
01-07-2026,Punjab,Soybean,4113.83
01-07-2023,Rajasthan,Pulses,5455.79
01-08-2028,Gujarat,Cotton,7282.72
01-05-2021,Gujarat,Cotton,6413.63
01-03-2021,Punjab,Maize,1599.07
01-03-2020,Haryana,Mustard,5081.29
01-12-2028,Tamil Nadu,Cotton,7553.53
01-07-2020,Madhya Pradesh,Maize,1510.8
01-09-2025,Uttar Pradesh,Wheat,2243.68
01-09-2020,Madhya Pradesh,Rice,1755.48
01-11-2022,Uttar Pradesh,Pulses,5207.76
01-05-2021,Rajasthan,Sugarcane,329.47
01-07-2027,Maharashtra,Maize,1812.66
01-03-2023,Maharashtra,Wheat,2274.53
01-07-2022,Tamil Nadu,Maize,1602.23
01-08-2022,Uttar Pradesh,Sugarcane,311.34
01-03-2020,Karnataka,Mustard,5066.2
01-08-2020,Tamil Nadu,Soybean,3429.1
01-09-2020,Rajasthan,Maize,1439.18
01-03-2027,Karnataka,Maize,1918.89
01-07-2022,Bihar,Barley,1726.88
01-03-2022,Uttar Pradesh,Mustard,5436.15
01-06-2023,Uttar Pradesh,Sugarcane,338.3
01-04-2023,Tamil Nadu,Soybean,4103.65
01-10-2024,Punjab,Groundnut,5897.93
01-10-2022,Gujarat,Groundnut,5544.49
01-09-2020,Haryana,Pulses,4856.14
01-12-2027,Karnataka,Pulses,6012.83
01-01-2020,Rajasthan,Mustard,4857.04
01-10-2020,Tamil Nadu,Maize,1431.77
01-03-2028,Karnataka,Cotton,7778.41
01-01-2022,Tamil Nadu,Barley,1723.08
01-06-2026,Punjab,Pulses,6004.68
01-05-2027,Haryana,Barley,2030.63
01-11-2023,Haryana,Pulses,5291.61
01-08-2026,Bihar,Cotton,6967.9
01-02-2024,Gujarat,Soybean,4033.87
01-04-2022,Haryana,Sugarcane,333.75
01-06-2026,Bihar,Cotton,7441.29
01-08-2020,Punjab,Cotton,6056.21
01-11-2027,Haryana,Groundnut,6422.87
01-03-2027,Haryana,Sugarcane,385.06
01-03-2020,Bihar,Cotton,6211.65
01-12-2021,Bihar,Groundnut,5660.07
01-11-2028,Maharashtra,Soybean,4256.94
01-12-2024,Haryana,Pulses,5658.47
01-10-2022,Madhya Pradesh,Pulses,5199.89
01-03-2025,Rajasthan,Soybean,4239.71
01-04-2020,Tamil Nadu,Maize,1566.71
01-09-2025,Punjab,Pulses,5570.14
01-07-2027,Maharashtra,Rice,2228.96
01-06-2022,Gujarat,Groundnut,6056.8
01-09-2026,Madhya Pradesh,Wheat,2253.69
01-05-2021,Bihar,Barley,1719.41
01-12-2027,Gujarat,Wheat,2380.39
01-11-2021,Maharashtra,Barley,1599.47
01-03-2028,Maharashtra,Pulses,6480.92
01-11-2022,Rajasthan,Pulses,5202.09
01-06-2026,Rajasthan,Groundnut,6620.8
01-08-2022,Bihar,Cotton,6284.93
01-11-2023,Tamil Nadu,Barley,1726.76
01-01-2020,Madhya Pradesh,Maize,1510.36
01-12-2025,Tamil Nadu,Cotton,6779.9
01-05-2023,Maharashtra,Maize,1733.17
01-06-2027,Maharashtra,Pulses,6145.66
01-04-2025,Rajasthan,Mustard,5854.94
01-06-2022,Uttar Pradesh,Cotton,6654.73
01-07-2022,Madhya Pradesh,Sugarcane,326.43
01-12-2026,Madhya Pradesh,Maize,1781.28
01-11-2020,Karnataka,Sugarcane,289.62
01-02-2020,Gujarat,Cotton,6172.44
01-07-2026,Haryana,Sugarcane,355.04
01-05-2026,Bihar,Pulses,6225.85
01-04-2026,Bihar,Rice,2224.35
01-08-2027,Punjab,Sugarcane,365.4
01-12-2024,Bihar,Soybean,3898.02
01-12-2025,Uttar Pradesh,Groundnut,6414.35
01-12-2027,Uttar Pradesh,Wheat,2425.99
01-10-2026,Rajasthan,Mustard,5539.98
01-01-2022,Karnataka,Wheat,2103.01
01-11-2025,Gujarat,Cotton,6820.68
01-12-2024,Tamil Nadu,Mustard,5426.92
01-06-2025,Haryana,Cotton,7202.46
01-07-2028,Tamil Nadu,Barley,1989.76
01-02-2027,Tamil Nadu,Soybean,4289.05
01-09-2026,Punjab,Maize,1733.06
01-12-2020,Haryana,Groundnut,5423.27
01-04-2022,Haryana,Maize,1673.96
01-08-2027,Maharashtra,Soybean,4119.72
01-11-2022,Bihar,Wheat,2056.39
01-05-2025,Madhya Pradesh,Sugarcane,365.3
01-08-2021,Gujarat,Pulses,5200.72
01-10-2025,Uttar Pradesh,Groundnut,6040.98
01-12-2022,Punjab,Soybean,3707.65
01-11-2022,Bihar,Pulses,5189.77
01-12-2023,Rajasthan,Pulses,5517.27
01-10-2026,Punjab,Soybean,3992.07
01-06-2026,Rajasthan,Wheat,2485.05
01-02-2025,Tamil Nadu,Soybean,4174.65
01-06-2028,Madhya Pradesh,Pulses,6500.08
01-10-2024,Gujarat,Cotton,6430.44
01-01-2027,Punjab,Barley,1940.75
01-11-2025,Madhya Pradesh,Maize,1659.44
01-07-2028,Madhya Pradesh,Groundnut,7035.24
01-01-2022,Punjab,Soybean,3763.01
01-10-2023,Gujarat,Soybean,3630.61
01-08-2026,Madhya Pradesh,Wheat,2327.42
01-08-2027,Uttar Pradesh,Rice,2118.59
01-12-2025,Tamil Nadu,Barley,1812.65
01-01-2024,Tamil Nadu,Rice,2018.37
01-02-2025,Uttar Pradesh,Mustard,5708.28
01-11-2025,Maharashtra,Groundnut,6128.86
01-04-2024,Punjab,Rice,2117.63
01-11-2026,Bihar,Maize,1730.89
01-08-2021,Haryana,Cotton,6079.77
01-05-2024,Karnataka,Barley,1894.9
01-04-2026,Rajasthan,Cotton,7388.87
01-11-2028,Maharashtra,Maize,1849.45
01-10-2025,Karnataka,Cotton,6727.23
01-08-2021,Bihar,Rice,1868.94
01-02-2025,Uttar Pradesh,Barley,1892.94
01-09-2023,Tamil Nadu,Mustard,5062.27
01-05-2025,Tamil Nadu,Barley,1968.67
01-05-2022,Gujarat,Maize,1667.66
01-04-2028,Madhya Pradesh,Wheat,2578.24
01-11-2023,Bihar,Soybean,3771.72
01-11-2027,Uttar Pradesh,Pulses,5922.82
01-04-2028,Bihar,Soybean,4660.23
01-04-2022,Punjab,Mustard,5477.97
01-03-2021,Punjab,Rice,1948.63
01-08-2020,Rajasthan,Soybean,3489.19
01-06-2025,Haryana,Wheat,2380.79
01-08-2023,Madhya Pradesh,Groundnut,5976.43
01-11-2020,Madhya Pradesh,Wheat,1975.6
01-03-2021,Rajasthan,Maize,1613.39
01-04-2025,Gujarat,Mustard,5807.66
01-06-2023,Tamil Nadu,Barley,1822.83
01-02-2026,Haryana,Wheat,2463.5
01-09-2020,Punjab,Mustard,4720.35
01-12-2027,Karnataka,Maize,1828.37
01-06-2025,Bihar,Soybean,4148.26
01-12-2025,Uttar Pradesh,Sugarcane,346.02
01-09-2028,Bihar,Groundnut,6742.61
01-12-2023,Madhya Pradesh,Pulses,5430.85
01-06-2026,Karnataka,Groundnut,6814.02
01-04-2020,Haryana,Soybean,3661.93
01-02-2026,Madhya Pradesh,Mustard,5711.32
01-10-2028,Maharashtra,Maize,1807.5
01-02-2026,Karnataka,Cotton,7227.03
01-09-2020,Karnataka,Barley,1547.23
01-09-2021,Tamil Nadu,Rice,1790.94
01-05-2023,Haryana,Groundnut,6368.32
01-12-2026,Karnataka,Pulses,5859.9
01-12-2021,Tamil Nadu,Cotton,6080.19
01-06-2025,Haryana,Mustard,5735.81
01-04-2024,Madhya Pradesh,Rice,2103.71
01-08-2023,Uttar Pradesh,Cotton,6447.9
01-05-2027,Madhya Pradesh,Mustard,6222.17
01-01-2027,Tamil Nadu,Soybean,4239.68
01-01-2022,Bihar,Soybean,3742.1
01-04-2021,Bihar,Cotton,6408.65
01-08-2023,Punjab,Maize,1650.54
01-12-2028,Maharashtra,Rice,2181.24
01-05-2020,Uttar Pradesh,Sugarcane,318.85
01-05-2028,Haryana,Barley,2045.17
01-02-2026,Haryana,Sugarcane,363.33
01-08-2028,Rajasthan,Mustard,5881.11
01-11-2028,Uttar Pradesh,Pulses,6096.38
01-11-2025,Bihar,Rice,2040.39
01-11-2023,Punjab,Barley,1693.41
01-03-2020,Karnataka,Soybean,3650.93
01-10-2026,Gujarat,Cotton,6784.76
01-11-2022,Uttar Pradesh,Rice,1840.65
01-11-2022,Tamil Nadu,Groundnut,5682.62
01-05-2022,Haryana,Barley,1807.11
01-02-2028,Haryana,Sugarcane,375.31
01-12-2027,Bihar,Pulses,6144.94
01-03-2022,Punjab,Sugarcane,337.55
01-09-2023,Karnataka,Pulses,5405.44
01-09-2025,Gujarat,Pulses,5541.85
01-10-2023,Gujarat,Rice,1892.51
01-04-2028,Rajasthan,Mustard,6310.4
01-01-2024,Tamil Nadu,Soybean,3958.39
01-08-2026,Bihar,Pulses,5852.78
